etape,id_batiment,type_batiment,prises,cost_cur,time_cur_h,cost_per_prise,time_per_prise,is_uninhabited,infrastructures
1,E000011,habitation,8,0.0,0.0,0.0,0.0,0,"['P000352', 'P007111', 'P007321', 'P007982']"
2,E000043,habitation,8,0.0,0.0,0.0,0.0,0,"['P000160', 'P000308', 'P000347', 'P007111', 'P007135', 'P007983']"
3,E000045,habitation,8,0.0,0.0,0.0,0.0,0,"['P000181', 'P000256', 'P000334', 'P000394', 'P000395', 'P007111', 'P007287', 'P007982']"
4,E000057,habitation,8,0.0,0.0,0.0,0.0,0,"['P000020', 'P000148', 'P000160', 'P000301', 'P000348', 'P007111', 'P007319', 'P007983']"
5,E000074,habitation,8,0.0,0.0,0.0,0.0,0,"['P000160', 'P000209', 'P000308', 'P000347', 'P007111', 'P007252', 'P007983']"
6,E000088,habitation,8,0.0,0.0,0.0,0.0,0,"['P000181', 'P000256', 'P000258', 'P000267', 'P000334', 'P000394', 'P000395', 'P007111', 'P007366', 'P007982']"
7,E000089,habitation,8,0.0,0.0,0.0,0.0,0,"['P000181', 'P000256', 'P000258', 'P000267', 'P000334', 'P000394', 'P000395', 'P007111', 'P007357', 'P007982']"
8,E000094,habitation,8,0.0,0.0,0.0,0.0,0,"['P000103', 'P000181', 'P000256', 'P000267', 'P000334', 'P000394', 'P000395', 'P007111', 'P007211', 'P007982']"
9,E000100,habitation,8,0.0,0.0,0.0,0.0,0,"['P000181', 'P000256', 'P000299', 'P000334', 'P000342', 'P000394', 'P000395', 'P007111', 'P007190', 'P007982']"
10,E000114,habitation,8,0.0,0.0,0.0,0.0,0,"['P000147', 'P000181', 'P000256', 'P000334', 'P000342', 'P000394', 'P000395', 'P007111', 'P007280', 'P007982', 'P007987']"
11,E000137,habitation,8,0.0,0.0,0.0,0.0,0,"['P000046', 'P000163', 'P000181', 'P000221', 'P000279', 'P000290', 'P000292', 'P000317', 'P000326', 'P000331', 'P000394', 'P007111', 'P007350', 'P007982']"
12,E000142,habitation,8,0.0,0.0,0.0,0.0,0,"['P000046', 'P000163', 'P000181', 'P000279', 'P000290', 'P000292', 'P000317', 'P000394', 'P007111', 'P007372', 'P007982']"
13,E000148,habitation,8,0.0,0.0,0.0,0.0,0,"['P000046', 'P000163', 'P000181', 'P000230', 'P000279', 'P000290', 'P000292', 'P000317', 'P000326', 'P000331', 'P000349', 'P000394', 'P007111', 'P007128', 'P007982']"
14,E000152,habitation,8,0.0,0.0,0.0,0.0,0,"['P000046', 'P000163', 'P000181', 'P000221', 'P000223', 'P000279', 'P000290', 'P000292', 'P000317', 'P000326', 'P000331', 'P000394', 'P007111', 'P007196', 'P007982']"
15,E000159,habitation,8,0.0,0.0,0.0,0.0,0,"['P000046', 'P000163', 'P000166', 'P000181', 'P000279', 'P000290', 'P000292', 'P000317', 'P000394', 'P000403', 'P007111', 'P007341', 'P007982']"
16,E000167,habitation,8,0.0,0.0,0.0,0.0,0,"['P000046', 'P000134', 'P000163', 'P000181', 'P000279', 'P000290', 'P000292', 'P000317', 'P000394', 'P007111', 'P007374', 'P007982']"
17,E000169,habitation,8,0.0,0.0,0.0,0.0,0,"['P000046', 'P000134', 'P000163', 'P000181', 'P000279', 'P000290', 'P000292', 'P000317', 'P000394', 'P007111', 'P007155', 'P007982']"
18,E000179,habitation,8,0.0,0.0,0.0,0.0,0,"['P000046', 'P000084', 'P000134', 'P000153', 'P000163', 'P000181', 'P000253', 'P000279', 'P000290', 'P000292', 'P000296', 'P000317', 'P000372', 'P000394', 'P007111', 'P007256', 'P007982']"
19,E000200,habitation,8,0.0,0.0,0.0,0.0,0,"['P000046', 'P000084', 'P000134', 'P000153', 'P000163', 'P000181', 'P000253', 'P000266', 'P000279', 'P000290', 'P000292', 'P000296', 'P000317', 'P000372', 'P000394', 'P007111', 'P007117', 'P007982']"
20,E000208,habitation,8,0.0,0.0,0.0,0.0,0,"['P000046', 'P000084', 'P000134', 'P000153', 'P000163', 'P000181', 'P000253', 'P000279', 'P000290', 'P000292', 'P000296', 'P000317', 'P000372', 'P000394', 'P007111', 'P007290', 'P007982']"
21,E000209,habitation,8,0.0,0.0,0.0,0.0,0,"['P000046', 'P000084', 'P000134', 'P000153', 'P000163', 'P000181', 'P000253', 'P000279', 'P000290', 'P000292', 'P000296', 'P000317', 'P000372', 'P000394', 'P007111', 'P007367', 'P007982']"
22,E000210,habitation,8,0.0,0.0,0.0,0.0,0,"['P000046', 'P000134', 'P000163', 'P000181', 'P000279', 'P000290', 'P000292', 'P000296', 'P000317', 'P000372', 'P000394', 'P007111', 'P007401', 'P007982']"
23,E000223,habitation,8,0.0,0.0,0.0,0.0,0,"['P000046', 'P000163', 'P000181', 'P000206', 'P000279', 'P000290', 'P000292', 'P000317', 'P000394', 'P007111', 'P007351', 'P007982']"
24,E000269,habitation,8,0.0,0.0,0.0,0.0,0,"['P000046', 'P000115', 'P000163', 'P000181', 'P000216', 'P000279', 'P000290', 'P000292', 'P000311', 'P000314', 'P000317', 'P000353', 'P000394', 'P007111', 'P007342', 'P007982']"
25,E000272,habitation,8,0.0,0.0,0.0,0.0,0,"['P000046', 'P000115', 'P000163', 'P000181', 'P000216', 'P000264', 'P000279', 'P000290', 'P000292', 'P000314', 'P000317', 'P000353', 'P000394', 'P007111', 'P007174', 'P007982']"
26,E000288,habitation,8,0.0,0.0,0.0,0.0,0,"['P000046', 'P000084', 'P000134', 'P000142', 'P000163', 'P000181', 'P000233', 'P000252', 'P000279', 'P000290', 'P000292', 'P000296', 'P000317', 'P000372', 'P000380', 'P000394', 'P007111', 'P007414', 'P007982']"
27,E000296,habitation,8,0.0,0.0,0.0,0.0,0,"['P000046', 'P000115', 'P000163', 'P000181', 'P000216', 'P000235', 'P000279', 'P000290', 'P000292', 'P000311', 'P000314', 'P000317', 'P000353', 'P000394', 'P007111', 'P007253', 'P007982']"
28,E000304,habitation,8,0.0,0.0,0.0,0.0,0,"['P000046', 'P000084', 'P000134', 'P000142', 'P000163', 'P000181', 'P000211', 'P000226', 'P000233', 'P000252', 'P000279', 'P000290', 'P000292', 'P000296', 'P000317', 'P000335', 'P000372', 'P000380', 'P000394', 'P007111', 'P007361', 'P007982']"
29,E000324,habitation,8,0.0,0.0,0.0,0.0,0,"['P000046', 'P000084', 'P000134', 'P000142', 'P000163', 'P000181', 'P000233', 'P000279', 'P000290', 'P000292', 'P000296', 'P000317', 'P000339', 'P000355', 'P000372', 'P000380', 'P000394', 'P000396', 'P007111', 'P007332', 'P007982']"
30,E000343,habitation,8,0.0,0.0,0.0,0.0,0,"['P000046', 'P000066', 'P000084', 'P000134', 'P000142', 'P000163', 'P000181', 'P000211', 'P000226', 'P000233', 'P000252', 'P000279', 'P000290', 'P000292', 'P000296', 'P000317', 'P000335', 'P000371', 'P000372', 'P000380', 'P000394', 'P007111', 'P007247', 'P007982']"
31,E000345,habitation,8,0.0,0.0,0.0,0.0,0,"['P000046', 'P000066', 'P000084', 'P000134', 'P000142', 'P000163', 'P000181', 'P000211', 'P000226', 'P000233', 'P000252', 'P000279', 'P000284', 'P000290', 'P000292', 'P000296', 'P000317', 'P000335', 'P000372', 'P000380', 'P000394', 'P007111', 'P007316', 'P007982']"
32,E000356,habitation,8,0.0,0.0,0.0,0.0,0,"['P000046', 'P000084', 'P000134', 'P000142', 'P000163', 'P000181', 'P000233', 'P000279', 'P000290', 'P000292', 'P000296', 'P000317', 'P000339', 'P000355', 'P000372', 'P000380', 'P000394', 'P000396', 'P007111', 'P007254', 'P007982']"
33,E000357,habitation,8,0.0,0.0,0.0,0.0,0,"['P000046', 'P000084', 'P000134', 'P000142', 'P000163', 'P000181', 'P000233', 'P000279', 'P000290', 'P000292', 'P000296', 'P000317', 'P000339', 'P000355', 'P000372', 'P000380', 'P000394', 'P000396', 'P007111', 'P007138', 'P007982']"
34,E000005,habitation,7,0.0,0.0,0.0,0.0,0,"['P000308', 'P000378', 'P007111', 'P007249', 'P007983']"
35,E000012,habitation,7,0.0,0.0,0.0,0.0,0,"['P000241', 'P007111', 'P007150', 'P007982']"
36,E000017,habitation,7,0.0,0.0,0.0,0.0,0,"['P000029', 'P000241', 'P007111', 'P007325', 'P007982']"
37,E000020,habitation,7,0.0,0.0,0.0,0.0,0,"['P000170', 'P000241', 'P007111', 'P007145', 'P007982']"
38,E000024,habitation,7,0.0,0.0,0.0,0.0,0,"['P000241', 'P000298', 'P007111', 'P007368', 'P007982']"
39,E000025,habitation,7,0.0,0.0,0.0,0.0,0,"['P000181', 'P000381', 'P000394', 'P000395', 'P007111', 'P007251', 'P007982']"
40,E000048,habitation,7,0.0,0.0,0.0,0.0,0,"['P000181', 'P000256', 'P000334', 'P000394', 'P000395', 'P007111', 'P007305', 'P007982']"
41,E000053,habitation,7,0.0,0.0,0.0,0.0,0,"['P000123', 'P000181', 'P000334', 'P000394', 'P000395', 'P007111', 'P007120', 'P007982']"
42,E000066,habitation,7,0.0,0.0,0.0,0.0,0,"['P000020', 'P000058', 'P000160', 'P000236', 'P000348', 'P007111', 'P007144', 'P007983']"
43,E000068,habitation,7,0.0,0.0,0.0,0.0,0,"['P000020', 'P000160', 'P000168', 'P000348', 'P007111', 'P007164', 'P007983']"
44,E000082,habitation,7,0.0,0.0,0.0,0.0,0,"['P000181', 'P000256', 'P000334', 'P000342', 'P000394', 'P000395', 'P007111', 'P007181', 'P007982']"
45,E000091,habitation,7,0.0,0.0,0.0,0.0,0,"['P000078', 'P000181', 'P000256', 'P000267', 'P000334', 'P000394', 'P000395', 'P007111', 'P007382', 'P007982']"
46,E000099,habitation,7,0.0,0.0,0.0,0.0,0,"['P000181', 'P000256', 'P000299', 'P000334', 'P000342', 'P000394', 'P000395', 'P007111', 'P007156', 'P007982']"
47,E000101,habitation,7,0.0,0.0,0.0,0.0,0,"['P000003', 'P000126', 'P000181', 'P000231', 'P000381', 'P000394', 'P000395', 'P007111', 'P007392', 'P007982']"
48,E000104,habitation,7,0.0,0.0,0.0,0.0,0,"['P000126', 'P000181', 'P000196', 'P000231', 'P000381', 'P000394', 'P000395', 'P007111', 'P007344', 'P007982']"
49,E000115,habitation,7,0.0,0.0,0.0,0.0,0,"['P000147', 'P000181', 'P000256', 'P000334', 'P000342', 'P000394', 'P000395', 'P007111', 'P007323', 'P007982', 'P007987']"
50,E000121,habitation,7,0.0,0.0,0.0,0.0,0,"['P000009', 'P000046', 'P000163', 'P000181', 'P000279', 'P000290', 'P000292', 'P000317', 'P000326', 'P000394', 'P007111', 'P007234', 'P007982']"
51,E000122,habitation,7,0.0,0.0,0.0,0.0,0,"['P000046', 'P000163', 'P000181', 'P000279', 'P000290', 'P000292', 'P000317', 'P000326', 'P000331', 'P000394', 'P007111', 'P007187', 'P007982']"
52,E000124,habitation,7,0.0,0.0,0.0,0.0,0,"['P000046', 'P000163', 'P000181', 'P000279', 'P000290', 'P000292', 'P000317', 'P000394', 'P007111', 'P007353', 'P007982']"
53,E000132,habitation,7,0.0,0.0,0.0,0.0,0,"['P000009', 'P000046', 'P000163', 'P000181', 'P000198', 'P000279', 'P000290', 'P000292', 'P000317', 'P000326', 'P000394', 'P007111', 'P007231', 'P007982']"
54,E000136,habitation,7,0.0,0.0,0.0,0.0,0,"['P000046', 'P000113', 'P000163', 'P000181', 'P000279', 'P000290', 'P000292', 'P000317', 'P000326', 'P000331', 'P000394', 'P007111', 'P007337', 'P007982']"
55,E000153,habitation,7,0.0,0.0,0.0,0.0,0,"['P000046', 'P000163', 'P000181', 'P000221', 'P000223', 'P000279', 'P000290', 'P000292', 'P000317', 'P000326', 'P000331', 'P000394', 'P007111', 'P007183', 'P007982']"
56,E000156,habitation,7,0.0,0.0,0.0,0.0,0,"['P000046', 'P000163', 'P000181', 'P000279', 'P000290', 'P000292', 'P000312', 'P000317', 'P000394', 'P000403', 'P007111', 'P007160', 'P007982']"
57,E000172,habitation,7,0.0,0.0,0.0,0.0,0,"['P000046', 'P000145', 'P000163', 'P000181', 'P000279', 'P000290', 'P000292', 'P000312', 'P000317', 'P000394', 'P000403', 'P007111', 'P007330', 'P007982']"
58,E000189,habitation,7,0.0,0.0,0.0,0.0,0,"['P000046', 'P000163', 'P000181', 'P000279', 'P000289', 'P000290', 'P000292', 'P000317', 'P000394', 'P007111', 'P007390', 'P007982']"
59,E000206,habitation,7,0.0,0.0,0.0,0.0,0,"['P000046', 'P000084', 'P000134', 'P000153', 'P000163', 'P000181', 'P000253', 'P000279', 'P000290', 'P000292', 'P000296', 'P000317', 'P000372', 'P000394', 'P007111', 'P007359', 'P007982']"
60,E000245,habitation,7,0.0,0.0,0.0,0.0,0,"['P000046', 'P000115', 'P000163', 'P000181', 'P000279', 'P000290', 'P000292', 'P000314', 'P000317', 'P000353', 'P000394', 'P007111', 'P007197', 'P007982']"
61,E000248,habitation,7,0.0,0.0,0.0,0.0,0,"['P000046', 'P000115', 'P000163', 'P000181', 'P000279', 'P000290', 'P000292', 'P000317', 'P000391', 'P000394', 'P007111', 'P007195', 'P007982']"
62,E000276,habitation,7,0.0,0.0,0.0,0.0,0,"['P000046', 'P000064', 'P000068', 'P000084', 'P000134', 'P000142', 'P000163', 'P000181', 'P000233', 'P000252', 'P000279', 'P000290', 'P000292', 'P000296', 'P000317', 'P000372', 'P000380', 'P000394', 'P007111', 'P007818', 'P007982']"
63,E000282,habitation,7,0.0,0.0,0.0,0.0,0,"['P000046', 'P000084', 'P000134', 'P000142', 'P000163', 'P000181', 'P000211', 'P000233', 'P000252', 'P000279', 'P000290', 'P000292', 'P000296', 'P000317', 'P000335', 'P000372', 'P000380', 'P000394', 'P007111', 'P007398', 'P007982']"
64,E000290,habitation,7,0.0,0.0,0.0,0.0,0,"['P000046', 'P000084', 'P000134', 'P000142', 'P000163', 'P000181', 'P000233', 'P000252', 'P000279', 'P000290', 'P000292', 'P000296', 'P000317', 'P000372', 'P000380', 'P000394', 'P007111', 'P007170', 'P007982']"
65,E000294,habitation,7,0.0,0.0,0.0,0.0,0,"['P000046', 'P000084', 'P000118', 'P000134', 'P000142', 'P000153', 'P000163', 'P000181', 'P000253', 'P000279', 'P000290', 'P000292', 'P000296', 'P000317', 'P000372', 'P000394', 'P007111', 'P007399', 'P007982']"
66,E000295,habitation,7,0.0,0.0,0.0,0.0,0,"['P000046', 'P000084', 'P000118', 'P000134', 'P000142', 'P000153', 'P000163', 'P000181', 'P000253', 'P000279', 'P000290', 'P000292', 'P000296', 'P000317', 'P000372', 'P000394', 'P007111', 'P007296', 'P007982']"
67,E000305,habitation,7,0.0,0.0,0.0,0.0,0,"['P000046', 'P000084', 'P000134', 'P000142', 'P000163', 'P000181', 'P000233', 'P000252', 'P000279', 'P000282', 'P000290', 'P000292', 'P000296', 'P000317', 'P000372', 'P000380', 'P000394', 'P007111', 'P007346', 'P007982']"
68,E000311,habitation,7,0.0,0.0,0.0,0.0,0,"['P000046', 'P000084', 'P000134', 'P000142', 'P000163', 'P000181', 'P000233', 'P000279', 'P000290', 'P000292', 'P000296', 'P000317', 'P000339', 'P000355', 'P000372', 'P000380', 'P000394', 'P000396', 'P007111', 'P007198', 'P007982']"
69,E000314,habitation,7,0.0,0.0,0.0,0.0,0,"['P000046', 'P000055', 'P000115', 'P000163', 'P000181', 'P000185', 'P000216', 'P000279', 'P000290', 'P000292', 'P000311', 'P000314', 'P000317', 'P000353', 'P000394', 'P007111', 'P007129', 'P007982']"
70,E000338,habitation,7,0.0,0.0,0.0,0.0,0,"['P000046', 'P000066', 'P000084', 'P000134', 'P000142', 'P000163', 'P000181', 'P000211', 'P000226', 'P000233', 'P000252', 'P000279', 'P000290', 'P000292', 'P000296', 'P000317', 'P000335', 'P000369', 'P000372', 'P000380', 'P000394', 'P007111', 'P007389', 'P007982']"
71,E000008,habitation,6,0.0,0.0,0.0,0.0,0,"['P000352', 'P007111', 'P007320', 'P007982']"
72,E000015,habitation,6,0.0,0.0,0.0,0.0,0,"['P000020', 'P000160', 'P000348', 'P007111', 'P007255', 'P007983']"
73,E000022,habitation,6,0.0,0.0,0.0,0.0,0,"['P000040', 'P000241', 'P007111', 'P007277', 'P007982']"
74,E000028,habitation,6,0.0,0.0,0.0,0.0,0,"['P000181', 'P000381', 'P000394', 'P000395', 'P007111', 'P007338', 'P007982']"
75,E000038,habitation,6,0.0,0.0,0.0,0.0,0,"['P000020', 'P000148', 'P000160', 'P000348', 'P007111', 'P007347', 'P007983']"
76,E000044,habitation,6,0.0,0.0,0.0,0.0,0,"['P000160', 'P000308', 'P000347', 'P007111', 'P007378', 'P007983']"
77,E000062,habitation,6,0.0,0.0,0.0,0.0,0,"['P000015', 'P000020', 'P000075', 'P000160', 'P000348', 'P007111', 'P007352', 'P007983']"
78,E000065,habitation,6,0.0,0.0,0.0,0.0,0,"['P000020', 'P000160', 'P000236', 'P000344', 'P000348', 'P007111', 'P007343', 'P007983']"
79,E000072,habitation,6,0.0,0.0,0.0,0.0,0,"['P000160', 'P000209', 'P000308', 'P000347', 'P007111', 'P007236', 'P007983']"
80,E000086,habitation,6,0.0,0.0,0.0,0.0,0,"['P000181', 'P000256', 'P000258', 'P000267', 'P000334', 'P000394', 'P000395', 'P007111', 'P007388', 'P007982']"
81,E000096,habitation,6,0.0,0.0,0.0,0.0,0,"['P000103', 'P000181', 'P000256', 'P000267', 'P000334', 'P000394', 'P000395', 'P007111', 'P007413', 'P007982']"
82,E000117,habitation,6,0.0,0.0,0.0,0.0,0,"['P000147', 'P000181', 'P000256', 'P000334', 'P000342', 'P000394', 'P000395', 'P007111', 'P007358', 'P007982', 'P007987']"
83,E000119,habitation,6,0.0,0.0,0.0,0.0,0,"['P000046', 'P000163', 'P000181', 'P000279', 'P000290', 'P000292', 'P000317', 'P000326', 'P000394', 'P007111', 'P007141', 'P007982']"
84,E000125,habitation,6,0.0,0.0,0.0,0.0,0,"['P000046', 'P000163', 'P000181', 'P000279', 'P000290', 'P000292', 'P000317', 'P000394', 'P007111', 'P007222', 'P007982']"
85,E000126,habitation,6,0.0,0.0,0.0,0.0,0,"['P000046', 'P000163', 'P000181', 'P000279', 'P000290', 'P000292', 'P000317', 'P000394', 'P007111', 'P007331', 'P007982']"
86,E000154,habitation,6,0.0,0.0,0.0,0.0,0,"['P000046', 'P000163', 'P000181', 'P000279', 'P000290', 'P000292', 'P000317', 'P000394', 'P007111', 'P007267', 'P007982']"
87,E000191,habitation,6,0.0,0.0,0.0,0.0,0,"['P000046', 'P000151', 'P000163', 'P000181', 'P000279', 'P000290', 'P000292', 'P000317', 'P000394', 'P007111', 'P007301', 'P007982']"
88,E000199,habitation,6,0.0,0.0,0.0,0.0,0,"['P000046', 'P000084', 'P000134', 'P000153', 'P000163', 'P000181', 'P000253', 'P000266', 'P000279', 'P000290', 'P000292', 'P000296', 'P000317', 'P000372', 'P000394', 'P007111', 'P007271', 'P007982']"
89,E000213,habitation,6,0.0,0.0,0.0,0.0,0,"['P000046', 'P000115', 'P000163', 'P000181', 'P000279', 'P000290', 'P000292', 'P000314', 'P000317', 'P000353', 'P000394', 'P007111', 'P007257', 'P007982']"
90,E000232,habitation,6,0.0,0.0,0.0,0.0,0,"['P000046', 'P000084', 'P000134', 'P000139', 'P000153', 'P000163', 'P000181', 'P000253', 'P000266', 'P000279', 'P000290', 'P000292', 'P000296', 'P000317', 'P000372', 'P000394', 'P007111', 'P007248', 'P007982']"
91,E000235,habitation,6,0.0,0.0,0.0,0.0,0,"['P000046', 'P000049', 'P000084', 'P000134', 'P000141', 'P000153', 'P000163', 'P000181', 'P000253', 'P000279', 'P000290', 'P000292', 'P000296', 'P000317', 'P000372', 'P000394', 'P007111', 'P007340', 'P007982']"
92,E000238,habitation,6,0.0,0.0,0.0,0.0,0,"['P000046', 'P000084', 'P000134', 'P000153', 'P000163', 'P000181', 'P000253', 'P000279', 'P000290', 'P000292', 'P000296', 'P000317', 'P000372', 'P000394', 'P007111', 'P007219', 'P007982']"
93,E000253,habitation,6,0.0,0.0,0.0,0.0,0,"['P000046', 'P000163', 'P000181', 'P000206', 'P000260', 'P000279', 'P000290', 'P000292', 'P000317', 'P000394', 'P007111', 'P007289', 'P007982']"
94,E000256,habitation,6,0.0,0.0,0.0,0.0,0,"['P000046', 'P000163', 'P000181', 'P000206', 'P000240', 'P000279', 'P000290', 'P000292', 'P000317', 'P000394', 'P007111', 'P007312', 'P007982']"
95,E000264,habitation,6,0.0,0.0,0.0,0.0,0,"['P000046', 'P000084', 'P000134', 'P000142', 'P000163', 'P000181', 'P000233', 'P000252', 'P000279', 'P000290', 'P000292', 'P000296', 'P000317', 'P000335', 'P000372', 'P000380', 'P000394', 'P007111', 'P007209', 'P007982']"
96,E000270,habitation,6,0.0,0.0,0.0,0.0,0,"['P000046', 'P000115', 'P000163', 'P000181', 'P000216', 'P000279', 'P000290', 'P000292', 'P000311', 'P000314', 'P000317', 'P000353', 'P000394', 'P007111', 'P007114', 'P007982']"
97,E000283,habitation,6,0.0,0.0,0.0,0.0,0,"['P000046', 'P000084', 'P000134', 'P000142', 'P000163', 'P000181', 'P000211', 'P000233', 'P000252', 'P000279', 'P000290', 'P000292', 'P000296', 'P000317', 'P000335', 'P000372', 'P000380', 'P000394', 'P007111', 'P007130', 'P007982']"
98,E000300,habitation,6,0.0,0.0,0.0,0.0,0,"['P000046', 'P000115', 'P000163', 'P000181', 'P000216', 'P000279', 'P000290', 'P000292', 'P000311', 'P000314', 'P000317', 'P000353', 'P000394', 'P007111', 'P007276', 'P007982', 'P007989']"
99,E000307,habitation,6,0.0,0.0,0.0,0.0,0,"['P000046', 'P000084', 'P000134', 'P000142', 'P000163', 'P000181', 'P000233', 'P000279', 'P000290', 'P000292', 'P000296', 'P000317', 'P000328', 'P000339', 'P000355', 'P000372', 'P000380', 'P000394', 'P000396', 'P007111', 'P007412', 'P007982']"
100,E000333,habitation,6,0.0,0.0,0.0,0.0,0,"['P000023', 'P000046', 'P000084', 'P000134', 'P000136', 'P000142', 'P000163', 'P000181', 'P000211', 'P000226', 'P000233', 'P000252', 'P000279', 'P000290', 'P000292', 'P000296', 'P000317', 'P000335', 'P000372', 'P000380', 'P000394', 'P007111', 'P007167', 'P007982']"
101,E000334,habitation,6,0.0,0.0,0.0,0.0,0,"['P000023', 'P000046', 'P000084', 'P000134', 'P000136', 'P000142', 'P000163', 'P000181', 'P000211', 'P000226', 'P000233', 'P000252', 'P000279', 'P000290', 'P000292', 'P000296', 'P000317', 'P000335', 'P000372', 'P000380', 'P000394', 'P007111', 'P007274', 'P007982']"
102,E000010,habitation,5,0.0,0.0,0.0,0.0,0,"['P000352', 'P007111', 'P007115', 'P007982']"
103,E000014,habitation,5,0.0,0.0,0.0,0.0,0,"['P000241', 'P007111', 'P007397', 'P007982']"
104,E000016,habitation,5,0.0,0.0,0.0,0.0,0,"['P000020', 'P000160', 'P000348', 'P007111', 'P007333', 'P007983']"
105,E000027,habitation,5,0.0,0.0,0.0,0.0,0,"['P000181', 'P000381', 'P000394', 'P000395', 'P007111', 'P007146', 'P007982']"
106,E000029,habitation,5,0.0,0.0,0.0,0.0,0,"['P000181', 'P000334', 'P000394', 'P000395', 'P007111', 'P007328', 'P007982']"
107,E000033,habitation,5,0.0,0.0,0.0,0.0,0,"['P000181', 'P000334', 'P000394', 'P000395', 'P007111', 'P007227', 'P007982']"
108,E000056,habitation,5,0.0,0.0,0.0,0.0,0,"['P000020', 'P000148', 'P000160', 'P000301', 'P000348', 'P007111', 'P007408', 'P007983']"
109,E000059,habitation,5,0.0,0.0,0.0,0.0,0,"['P000020', 'P000148', 'P000160', 'P000348', 'P007111', 'P007166', 'P007983', 'P007986']"
110,E000075,habitation,5,0.0,0.0,0.0,0.0,0,"['P000160', 'P000277', 'P000308', 'P000347', 'P007111', 'P007171', 'P007983']"
111,E000078,habitation,5,0.0,0.0,0.0,0.0,0,"['P000160', 'P000277', 'P000308', 'P000347', 'P007111', 'P007360', 'P007983']"
112,E000079,habitation,5,0.0,0.0,0.0,0.0,0,"['P000160', 'P000277', 'P000308', 'P000347', 'P007111', 'P007308', 'P007983']"
113,E000083,habitation,5,0.0,0.0,0.0,0.0,0,"['P000126', 'P000181', 'P000231', 'P000381', 'P000394', 'P000395', 'P007111', 'P007336', 'P007982']"
114,E000090,habitation,5,0.0,0.0,0.0,0.0,0,"['P000078', 'P000181', 'P000256', 'P000267', 'P000334', 'P000394', 'P000395', 'P007111', 'P007265', 'P007982']"
115,E000103,habitation,5,0.0,0.0,0.0,0.0,0,"['P000126', 'P000181', 'P000196', 'P000231', 'P000381', 'P000394', 'P000395', 'P007111', 'P007124', 'P007982']"
116,E000105,habitation,5,0.0,0.0,0.0,0.0,0,"['P000126', 'P000181', 'P000196', 'P000231', 'P000381', 'P000394', 'P000395', 'P007111', 'P007279', 'P007982']"
117,E000116,habitation,5,0.0,0.0,0.0,0.0,0,"['P000147', 'P000181', 'P000256', 'P000334', 'P000342', 'P000394', 'P000395', 'P007111', 'P007229', 'P007982', 'P007987']"
118,E000123,habitation,5,0.0,0.0,0.0,0.0,0,"['P000046', 'P000163', 'P000181', 'P000279', 'P000290', 'P000292', 'P000317', 'P000326', 'P000394', 'P007111', 'P007310', 'P007982']"
119,E000134,habitation,5,0.0,0.0,0.0,0.0,0,"['P000009', 'P000046', 'P000163', 'P000181', 'P000198', 'P000279', 'P000290', 'P000292', 'P000317', 'P000326', 'P000394', 'P007111', 'P007409', 'P007982']"
120,E000143,habitation,5,0.0,0.0,0.0,0.0,0,"['P000046', 'P000163', 'P000181', 'P000279', 'P000290', 'P000292', 'P000317', 'P000394', 'P007111', 'P007266', 'P007982']"
121,E000162,habitation,5,0.0,0.0,0.0,0.0,0,"['P000046', 'P000163', 'P000181', 'P000279', 'P000290', 'P000292', 'P000294', 'P000317', 'P000326', 'P000331', 'P000349', 'P000394', 'P000400', 'P007111', 'P007362', 'P007982']"
122,E000170,habitation,5,0.0,0.0,0.0,0.0,0,"['P000046', 'P000134', 'P000163', 'P000181', 'P000279', 'P000290', 'P000292', 'P000317', 'P000394', 'P007111', 'P007356', 'P007982']"
123,E000171,habitation,5,0.0,0.0,0.0,0.0,0,"['P000046', 'P000134', 'P000163', 'P000181', 'P000279', 'P000290', 'P000292', 'P000317', 'P000394', 'P007111', 'P007303', 'P007982']"
124,E000180,habitation,5,0.0,0.0,0.0,0.0,0,"['P000046', 'P000084', 'P000134', 'P000153', 'P000163', 'P000181', 'P000253', 'P000279', 'P000290', 'P000292', 'P000296', 'P000317', 'P000372', 'P000394', 'P007111', 'P007235', 'P007982']"
125,E000181,habitation,5,0.0,0.0,0.0,0.0,0,"['P000046', 'P000084', 'P000134', 'P000153', 'P000163', 'P000181', 'P000253', 'P000279', 'P000290', 'P000292', 'P000296', 'P000317', 'P000372', 'P000394', 'P007111', 'P007140', 'P007982']"
126,E000201,habitation,5,0.0,0.0,0.0,0.0,0,"['P000046', 'P000084', 'P000134', 'P000153', 'P000163', 'P000181', 'P000253', 'P000266', 'P000279', 'P000290', 'P000292', 'P000296', 'P000317', 'P000372', 'P000394', 'P007111', 'P007349', 'P007982']"
127,E000204,habitation,5,0.0,0.0,0.0,0.0,0,"['P000046', 'P000084', 'P000134', 'P000141', 'P000153', 'P000163', 'P000181', 'P000253', 'P000279', 'P000290', 'P000292', 'P000296', 'P000317', 'P000372', 'P000394', 'P007111', 'P007119', 'P007982']"
128,E000212,habitation,5,0.0,0.0,0.0,0.0,0,"['P000046', 'P000134', 'P000163', 'P000181', 'P000279', 'P000290', 'P000292', 'P000296', 'P000317', 'P000372', 'P000394', 'P007111', 'P007158', 'P007982']"
129,E000224,habitation,5,0.0,0.0,0.0,0.0,0,"['P000046', 'P000163', 'P000181', 'P000206', 'P000279', 'P000290', 'P000292', 'P000317', 'P000394', 'P007111', 'P007221', 'P007982']"
130,E000230,habitation,5,0.0,0.0,0.0,0.0,0,"['P000046', 'P000084', 'P000134', 'P000139', 'P000153', 'P000163', 'P000181', 'P000253', 'P000266', 'P000279', 'P000290', 'P000292', 'P000296', 'P000317', 'P000372', 'P000394', 'P007111', 'P007148', 'P007982']"
131,E000231,habitation,5,0.0,0.0,0.0,0.0,0,"['P000046', 'P000084', 'P000134', 'P000139', 'P000153', 'P000163', 'P000181', 'P000253', 'P000266', 'P000279', 'P000290', 'P000292', 'P000296', 'P000317', 'P000372', 'P000394', 'P007111', 'P007230', 'P007982']"
132,E000233,habitation,5,0.0,0.0,0.0,0.0,0,"['P000046', 'P000049', 'P000084', 'P000134', 'P000141', 'P000153', 'P000163', 'P000181', 'P000253', 'P000279', 'P000290', 'P000292', 'P000296', 'P000317', 'P000372', 'P000394', 'P007111', 'P007172', 'P007982']"
133,E000234,habitation,5,0.0,0.0,0.0,0.0,0,"['P000046', 'P000049', 'P000084', 'P000134', 'P000141', 'P000153', 'P000163', 'P000181', 'P000253', 'P000279', 'P000290', 'P000292', 'P000296', 'P000317', 'P000372', 'P000394', 'P007111', 'P007212', 'P007982']"
134,E000240,habitation,5,0.0,0.0,0.0,0.0,0,"['P000046', 'P000115', 'P000163', 'P000181', 'P000279', 'P000290', 'P000292', 'P000314', 'P000317', 'P000353', 'P000394', 'P000402', 'P007111', 'P007311', 'P007982']"
135,E000243,habitation,5,0.0,0.0,0.0,0.0,0,"['P000046', 'P000115', 'P000163', 'P000181', 'P000279', 'P000290', 'P000292', 'P000314', 'P000317', 'P000353', 'P000394', 'P007111', 'P007384', 'P007982']"
136,E000250,habitation,5,0.0,0.0,0.0,0.0,0,"['P000046', 'P000115', 'P000163', 'P000181', 'P000279', 'P000290', 'P000292', 'P000317', 'P000391', 'P000394', 'P007111', 'P007217', 'P007982']"
137,E000271,habitation,5,0.0,0.0,0.0,0.0,0,"['P000046', 'P000115', 'P000163', 'P000181', 'P000216', 'P000279', 'P000290', 'P000292', 'P000311', 'P000314', 'P000317', 'P000353', 'P000394', 'P007111', 'P007411', 'P007982']"
138,E000279,habitation,5,0.0,0.0,0.0,0.0,0,"['P000046', 'P000064', 'P000068', 'P000084', 'P000134', 'P000142', 'P000163', 'P000181', 'P000233', 'P000252', 'P000279', 'P000290', 'P000292', 'P000296', 'P000317', 'P000372', 'P000380', 'P000394', 'P007111', 'P007329', 'P007982']"
139,E000284,habitation,5,0.0,0.0,0.0,0.0,0,"['P000046', 'P000084', 'P000121', 'P000134', 'P000142', 'P000163', 'P000181', 'P000233', 'P000252', 'P000279', 'P000290', 'P000292', 'P000296', 'P000317', 'P000335', 'P000372', 'P000380', 'P000394', 'P007111', 'P007317', 'P007982']"
140,E000287,habitation,5,0.0,0.0,0.0,0.0,0,"['P000046', 'P000084', 'P000121', 'P000134', 'P000142', 'P000163', 'P000181', 'P000233', 'P000252', 'P000279', 'P000290', 'P000292', 'P000296', 'P000317', 'P000335', 'P000372', 'P000380', 'P000394', 'P007111', 'P007191', 'P007982']"
141,E000299,habitation,5,0.0,0.0,0.0,0.0,0,"['P000046', 'P000115', 'P000163', 'P000181', 'P000216', 'P000279', 'P000290', 'P000292', 'P000311', 'P000314', 'P000317', 'P000353', 'P000394', 'P007111', 'P007284', 'P007982', 'P007989']"
142,E000312,habitation,5,0.0,0.0,0.0,0.0,0,"['P000046', 'P000055', 'P000115', 'P000163', 'P000181', 'P000216', 'P000279', 'P000286', 'P000290', 'P000292', 'P000311', 'P000314', 'P000317', 'P000353', 'P000394', 'P007111', 'P007153', 'P007982']"
143,E000323,habitation,5,0.0,0.0,0.0,0.0,0,"['P000046', 'P000084', 'P000134', 'P000142', 'P000163', 'P000181', 'P000214', 'P000233', 'P000270', 'P000279', 'P000290', 'P000292', 'P000296', 'P000317', 'P000339', 'P000355', 'P000372', 'P000380', 'P000394', 'P000396', 'P007111', 'P007178', 'P007982']"
144,E000330,habitation,5,0.0,0.0,0.0,0.0,0,"['P000023', 'P000046', 'P000084', 'P000134', 'P000142', 'P000163', 'P000181', 'P000211', 'P000226', 'P000233', 'P000252', 'P000279', 'P000290', 'P000292', 'P000296', 'P000310', 'P000317', 'P000335', 'P000372', 'P000380', 'P000394', 'P007111', 'P007306', 'P007982']"
145,E000347,habitation,5,0.0,0.0,0.0,0.0,0,"['P000046', 'P000073', 'P000084', 'P000134', 'P000142', 'P000163', 'P000181', 'P000214', 'P000233', 'P000279', 'P000290', 'P000291', 'P000292', 'P000296', 'P000317', 'P000339', 'P000355', 'P000372', 'P000380', 'P000394', 'P000396', 'P007111', 'P007134', 'P007982']"
146,E000362,habitation,5,0.0,0.0,0.0,0.0,0,"['P000046', 'P000084', 'P000134', 'P000142', 'P000163', 'P000181', 'P000233', 'P000252', 'P000279', 'P000290', 'P000292', 'P000296', 'P000317', 'P000339', 'P000355', 'P000372', 'P000380', 'P000394', 'P000396', 'P007111', 'P007270', 'P007982']"
147,E000006,habitation,4,0.0,0.0,0.0,0.0,0,"['P000308', 'P007111', 'P007173', 'P007983']"
148,E000034,habitation,4,0.0,0.0,0.0,0.0,0,"['P000052', 'P000181', 'P000394', 'P000395', 'P007111', 'P007177', 'P007982']"
149,E000037,habitation,4,0.0,0.0,0.0,0.0,0,"['P000020', 'P000148', 'P000160', 'P000348', 'P007111', 'P007395', 'P007983']"
150,E000042,habitation,4,0.0,0.0,0.0,0.0,0,"['P000160', 'P000308', 'P000347', 'P007111', 'P007259', 'P007983']"
151,E000047,habitation,4,0.0,0.0,0.0,0.0,0,"['P000181', 'P000256', 'P000334', 'P000394', 'P000395', 'P007111', 'P007376', 'P007982']"
152,E000049,habitation,4,0.0,0.0,0.0,0.0,0,"['P000126', 'P000181', 'P000381', 'P000394', 'P000395', 'P007111', 'P007200', 'P007982']"
153,E000055,habitation,4,0.0,0.0,0.0,0.0,0,"['P000123', 'P000181', 'P000334', 'P000394', 'P000395', 'P007111', 'P007199', 'P007982']"
154,E000060,habitation,4,0.0,0.0,0.0,0.0,0,"['P000015', 'P000020', 'P000160', 'P000348', 'P000374', 'P007111', 'P007116', 'P007983']"
155,E000069,habitation,4,0.0,0.0,0.0,0.0,0,"['P000020', 'P000160', 'P000168', 'P000348', 'P007111', 'P007175', 'P007983']"
156,E000081,habitation,4,0.0,0.0,0.0,0.0,0,"['P000160', 'P000308', 'P000347', 'P000360', 'P007111', 'P007394', 'P007983']"
157,E000087,habitation,4,0.0,0.0,0.0,0.0,0,"['P000181', 'P000256', 'P000258', 'P000267', 'P000334', 'P000394', 'P000395', 'P007111', 'P007403', 'P007982']"
158,E000095,habitation,4,0.0,0.0,0.0,0.0,0,"['P000103', 'P000181', 'P000256', 'P000267', 'P000334', 'P000394', 'P000395', 'P007111', 'P007416', 'P007982']"
159,E000120,habitation,4,0.0,0.0,0.0,0.0,0,"['P000147', 'P000149', 'P000181', 'P000256', 'P000334', 'P000342', 'P000394', 'P000395', 'P007111', 'P007400', 'P007982', 'P008000']"
160,E000138,habitation,4,0.0,0.0,0.0,0.0,0,"['P000046', 'P000163', 'P000181', 'P000221', 'P000279', 'P000290', 'P000292', 'P000317', 'P000326', 'P000331', 'P000394', 'P007111', 'P007201', 'P007982']"
161,E000140,habitation,4,0.0,0.0,0.0,0.0,0,"['P000046', 'P000163', 'P000181', 'P000279', 'P000290', 'P000292', 'P000317', 'P000394', 'P007111', 'P007123', 'P007982']"
162,E000150,habitation,4,0.0,0.0,0.0,0.0,0,"['P000046', 'P000163', 'P000181', 'P000245', 'P000279', 'P000290', 'P000292', 'P000317', 'P000326', 'P000331', 'P000349', 'P000394', 'P007111', 'P007314', 'P007982']"
163,E000151,habitation,4,0.0,0.0,0.0,0.0,0,"['P000046', 'P000163', 'P000181', 'P000245', 'P000279', 'P000290', 'P000292', 'P000317', 'P000326', 'P000331', 'P000349', 'P000394', 'P007111', 'P007365', 'P007982']"
164,E000157,habitation,4,0.0,0.0,0.0,0.0,0,"['P000046', 'P000163', 'P000166', 'P000181', 'P000279', 'P000290', 'P000292', 'P000317', 'P000394', 'P000403', 'P007111', 'P007203', 'P007982']"
165,E000163,habitation,4,0.0,0.0,0.0,0.0,0,"['P000046', 'P000163', 'P000181', 'P000279', 'P000290', 'P000292', 'P000294', 'P000317', 'P000326', 'P000331', 'P000349', 'P000394', 'P000400', 'P007111', 'P007364', 'P007982']"
166,E000165,habitation,4,0.0,0.0,0.0,0.0,0,"['P000046', 'P000134', 'P000163', 'P000181', 'P000279', 'P000290', 'P000292', 'P000317', 'P000394', 'P007111', 'P007391', 'P007982']"
167,E000166,habitation,4,0.0,0.0,0.0,0.0,0,"['P000046', 'P000134', 'P000163', 'P000181', 'P000279', 'P000290', 'P000292', 'P000317', 'P000394', 'P007111', 'P007268', 'P007982']"
168,E000168,habitation,4,0.0,0.0,0.0,0.0,0,"['P000046', 'P000134', 'P000163', 'P000181', 'P000279', 'P000290', 'P000292', 'P000317', 'P000394', 'P007111', 'P007194', 'P007982']"
169,E000173,habitation,4,0.0,0.0,0.0,0.0,0,"['P000046', 'P000145', 'P000163', 'P000181', 'P000279', 'P000290', 'P000292', 'P000312', 'P000317', 'P000394', 'P000403', 'P007111', 'P007292', 'P007982']"
170,E000182,habitation,4,0.0,0.0,0.0,0.0,0,"['P000046', 'P000084', 'P000134', 'P000153', 'P000163', 'P000181', 'P000253', 'P000279', 'P000290', 'P000292', 'P000296', 'P000317', 'P000372', 'P000394', 'P007111', 'P007264', 'P007982']"
171,E000192,habitation,4,0.0,0.0,0.0,0.0,0,"['P000046', 'P000163', 'P000181', 'P000279', 'P000290', 'P000292', 'P000317', 'P000394', 'P007111', 'P007339', 'P007982']"
172,E000215,habitation,4,0.0,0.0,0.0,0.0,0,"['P000046', 'P000115', 'P000163', 'P000181', 'P000279', 'P000290', 'P000292', 'P000314', 'P000317', 'P000353', 'P000394', 'P007111', 'P007396', 'P007982']"
173,E000217,habitation,4,0.0,0.0,0.0,0.0,0,"['P000046', 'P000115', 'P000163', 'P000181', 'P000279', 'P000290', 'P000292', 'P000317', 'P000394', 'P007111', 'P007246', 'P007982']"
174,E000218,habitation,4,0.0,0.0,0.0,0.0,0,"['P000046', 'P000115', 'P000163', 'P000181', 'P000279', 'P000290', 'P000292', 'P000317', 'P000394', 'P007111', 'P007275', 'P007982']"
175,E000221,habitation,4,0.0,0.0,0.0,0.0,0,"['P000046', 'P000151', 'P000163', 'P000181', 'P000203', 'P000279', 'P000290', 'P000292', 'P000317', 'P000394', 'P007111', 'P007383', 'P007982']"
176,E000236,habitation,4,0.0,0.0,0.0,0.0,0,"['P000046', 'P000049', 'P000084', 'P000134', 'P000141', 'P000153', 'P000163', 'P000181', 'P000253', 'P000279', 'P000290', 'P000292', 'P000296', 'P000317', 'P000372', 'P000394', 'P007111', 'P007154', 'P007982']"
177,E000239,habitation,4,0.0,0.0,0.0,0.0,0,"['P000046', 'P000115', 'P000163', 'P000181', 'P000216', 'P000279', 'P000290', 'P000292', 'P000314', 'P000317', 'P000353', 'P000394', 'P007111', 'P007179', 'P007982']"
178,E000251,habitation,4,0.0,0.0,0.0,0.0,0,"['P000046', 'P000163', 'P000181', 'P000279', 'P000290', 'P000292', 'P000317', 'P000394', 'P000398', 'P007111', 'P007304', 'P007982']"
179,E000278,habitation,4,0.0,0.0,0.0,0.0,0,"['P000046', 'P000064', 'P000068', 'P000084', 'P000134', 'P000142', 'P000163', 'P000181', 'P000233', 'P000252', 'P000279', 'P000290', 'P000292', 'P000296', 'P000317', 'P000372', 'P000380', 'P000394', 'P007111', 'P007406', 'P007982']"
180,E000281,habitation,4,0.0,0.0,0.0,0.0,0,"['P000046', 'P000084', 'P000134', 'P000142', 'P000163', 'P000181', 'P000211', 'P000233', 'P000252', 'P000279', 'P000290', 'P000292', 'P000296', 'P000317', 'P000335', 'P000372', 'P000380', 'P000394', 'P007111', 'P007326', 'P007982']"
181,E000286,habitation,4,0.0,0.0,0.0,0.0,0,"['P000046', 'P000084', 'P000121', 'P000134', 'P000142', 'P000163', 'P000181', 'P000233', 'P000252', 'P000279', 'P000290', 'P000292', 'P000296', 'P000317', 'P000335', 'P000372', 'P000380', 'P000394', 'P007111', 'P007309', 'P007982']"
182,E000289,habitation,4,0.0,0.0,0.0,0.0,0,"['P000046', 'P000084', 'P000134', 'P000142', 'P000163', 'P000181', 'P000233', 'P000252', 'P000279', 'P000290', 'P000292', 'P000296', 'P000317', 'P000372', 'P000380', 'P000394', 'P007111', 'P007293', 'P007982']"
183,E000297,habitation,4,0.0,0.0,0.0,0.0,0,"['P000046', 'P000115', 'P000163', 'P000181', 'P000216', 'P000273', 'P000279', 'P000290', 'P000292', 'P000311', 'P000314', 'P000317', 'P000353', 'P000394', 'P007111', 'P007165', 'P007982']"
184,E000298,habitation,4,0.0,0.0,0.0,0.0,0,"['P000046', 'P000115', 'P000163', 'P000181', 'P000216', 'P000273', 'P000279', 'P000290', 'P000292', 'P000311', 'P000314', 'P000317', 'P000353', 'P000394', 'P007111', 'P007258', 'P007982']"
185,E000308,habitation,4,0.0,0.0,0.0,0.0,0,"['P000046', 'P000084', 'P000134', 'P000142', 'P000163', 'P000181', 'P000233', 'P000279', 'P000290', 'P000292', 'P000296', 'P000317', 'P000328', 'P000339', 'P000355', 'P000372', 'P000380', 'P000394', 'P000396', 'P007111', 'P007262', 'P007982']"
186,E000321,habitation,4,0.0,0.0,0.0,0.0,0,"['P000046', 'P000066', 'P000084', 'P000134', 'P000142', 'P000163', 'P000181', 'P000211', 'P000226', 'P000233', 'P000252', 'P000279', 'P000290', 'P000292', 'P000296', 'P000317', 'P000335', 'P000372', 'P000380', 'P000394', 'P007111', 'P007205', 'P007982']"
187,E000331,habitation,4,0.0,0.0,0.0,0.0,0,"['P000023', 'P000046', 'P000084', 'P000134', 'P000136', 'P000142', 'P000163', 'P000181', 'P000211', 'P000226', 'P000233', 'P000252', 'P000279', 'P000290', 'P000292', 'P000296', 'P000317', 'P000335', 'P000372', 'P000380', 'P000394', 'P007111', 'P007272', 'P007982']"
188,E000344,habitation,4,0.0,0.0,0.0,0.0,0,"['P000046', 'P000066', 'P000084', 'P000134', 'P000142', 'P000163', 'P000181', 'P000211', 'P000226', 'P000233', 'P000252', 'P000279', 'P000290', 'P000292', 'P000296', 'P000317', 'P000335', 'P000371', 'P000372', 'P000380', 'P000394', 'P007111', 'P007137', 'P007982']"
189,E000350,habitation,4,0.0,0.0,0.0,0.0,0,"['P000046', 'P000084', 'P000134', 'P000142', 'P000163', 'P000181', 'P000233', 'P000279', 'P000290', 'P000292', 'P000296', 'P000317', 'P000339', 'P000355', 'P000372', 'P000380', 'P000388', 'P000394', 'P000396', 'P007111', 'P007237', 'P007982']"
190,E000001,habitation,3,0.0,0.0,0.0,0.0,0,"['P000308', 'P007111', 'P007819', 'P007983']"
191,E000002,habitation,3,0.0,0.0,0.0,0.0,0,"['P000308', 'P007111', 'P007240', 'P007983']"
192,E000013,habitation,3,0.0,0.0,0.0,0.0,0,"['P000241', 'P007111', 'P007151', 'P007982']"
193,E000018,habitation,3,0.0,0.0,0.0,0.0,0,"['P000029', 'P000241', 'P007111', 'P007381', 'P007982']"
194,E000021,habitation,3,0.0,0.0,0.0,0.0,0,"['P000170', 'P000241', 'P007111', 'P007225', 'P007982']"
195,E000030,habitation,3,0.0,0.0,0.0,0.0,0,"['P000181', 'P000334', 'P000394', 'P000395', 'P007111', 'P007244', 'P007982']"
196,E000031,habitation,3,0.0,0.0,0.0,0.0,0,"['P000181', 'P000334', 'P000394', 'P000395', 'P007111', 'P007133', 'P007982']"
197,E000050,habitation,3,0.0,0.0,0.0,0.0,0,"['P000126', 'P000181', 'P000381', 'P000394', 'P000395', 'P007111', 'P007300', 'P007982']"
198,E000051,habitation,3,0.0,0.0,0.0,0.0,0,"['P000126', 'P000181', 'P000381', 'P000394', 'P000395', 'P007111', 'P007184', 'P007982']"
199,E000061,habitation,3,0.0,0.0,0.0,0.0,0,"['P000015', 'P000020', 'P000075', 'P000160', 'P000348', 'P007111', 'P007295', 'P007983']"
200,E000063,habitation,3,0.0,0.0,0.0,0.0,0,"['P000020', 'P000160', 'P000192', 'P000236', 'P000348', 'P007111', 'P007121', 'P007983']"
201,E000064,habitation,3,0.0,0.0,0.0,0.0,0,"['P000020', 'P000160', 'P000192', 'P000236', 'P000348', 'P007111', 'P007369', 'P007983']"
202,E000070,habitation,3,0.0,0.0,0.0,0.0,0,"['P000020', 'P000160', 'P000306', 'P000348', 'P007111', 'P007216', 'P007983']"
203,E000073,habitation,3,0.0,0.0,0.0,0.0,0,"['P000160', 'P000209', 'P000308', 'P000347', 'P007111', 'P007126', 'P007983']"
204,E000076,habitation,3,0.0,0.0,0.0,0.0,0,"['P000160', 'P000277', 'P000308', 'P000347', 'P007111', 'P007189', 'P007983']"
205,E000092,habitation,3,0.0,0.0,0.0,0.0,0,"['P000078', 'P000181', 'P000256', 'P000267', 'P000334', 'P000394', 'P000395', 'P007111', 'P007334', 'P007982']"
206,E000093,habitation,3,0.0,0.0,0.0,0.0,0,"['P000078', 'P000181', 'P000256', 'P000267', 'P000334', 'P000394', 'P000395', 'P007111', 'P007273', 'P007982']"
207,E000118,habitation,3,0.0,0.0,0.0,0.0,0,"['P000046', 'P000163', 'P000181', 'P000279', 'P000290', 'P000292', 'P000317', 'P000326', 'P000394', 'P007111', 'P007291', 'P007982']"
208,E000147,habitation,3,0.0,0.0,0.0,0.0,0,"['P000046', 'P000163', 'P000181', 'P000279', 'P000290', 'P000292', 'P000294', 'P000317', 'P000326', 'P000331', 'P000349', 'P000394', 'P007111', 'P007817', 'P007982']"
209,E000149,habitation,3,0.0,0.0,0.0,0.0,0,"['P000046', 'P000163', 'P000181', 'P000230', 'P000279', 'P000290', 'P000292', 'P000317', 'P000326', 'P000331', 'P000349', 'P000394', 'P007111', 'P007125', 'P007982']"
210,E000164,habitation,3,0.0,0.0,0.0,0.0,0,"['P000046', 'P000134', 'P000163', 'P000181', 'P000279', 'P000290', 'P000292', 'P000317', 'P000394', 'P007111', 'P007299', 'P007982']"
211,E000187,habitation,3,0.0,0.0,0.0,0.0,0,"['P000046', 'P000134', 'P000163', 'P000181', 'P000279', 'P000290', 'P000292', 'P000317', 'P000372', 'P000394', 'P007111', 'P007278', 'P007982']"
212,E000219,habitation,3,0.0,0.0,0.0,0.0,0,"['P000046', 'P000115', 'P000163', 'P000181', 'P000279', 'P000290', 'P000292', 'P000317', 'P000394', 'P007111', 'P007176', 'P007982']"
213,E000244,habitation,3,0.0,0.0,0.0,0.0,0,"['P000046', 'P000115', 'P000163', 'P000181', 'P000279', 'P000290', 'P000292', 'P000314', 'P000317', 'P000353', 'P000394', 'P007111', 'P007136', 'P007982']"
214,E000247,habitation,3,0.0,0.0,0.0,0.0,0,"['P000046', 'P000115', 'P000163', 'P000181', 'P000279', 'P000290', 'P000292', 'P000317', 'P000391', 'P000394', 'P007111', 'P007159', 'P007982']"
215,E000254,habitation,3,0.0,0.0,0.0,0.0,0,"['P000046', 'P000163', 'P000181', 'P000206', 'P000260', 'P000279', 'P000290', 'P000292', 'P000317', 'P000394', 'P007111', 'P007281', 'P007982']"
216,E000261,habitation,3,0.0,0.0,0.0,0.0,0,"['P000046', 'P000064', 'P000084', 'P000134', 'P000142', 'P000163', 'P000181', 'P000233', 'P000252', 'P000279', 'P000290', 'P000292', 'P000296', 'P000317', 'P000372', 'P000380', 'P000394', 'P007111', 'P007302', 'P007982']"
217,E000262,habitation,3,0.0,0.0,0.0,0.0,0,"['P000046', 'P000064', 'P000084', 'P000134', 'P000142', 'P000163', 'P000181', 'P000233', 'P000252', 'P000279', 'P000290', 'P000292', 'P000296', 'P000317', 'P000372', 'P000380', 'P000394', 'P007111', 'P007149', 'P007982']"
218,E000265,habitation,3,0.0,0.0,0.0,0.0,0,"['P000046', 'P000084', 'P000134', 'P000142', 'P000163', 'P000181', 'P000233', 'P000252', 'P000279', 'P000290', 'P000292', 'P000296', 'P000317', 'P000335', 'P000372', 'P000380', 'P000394', 'P007111', 'P007185', 'P007982']"
219,E000292,habitation,3,0.0,0.0,0.0,0.0,0,"['P000046', 'P000084', 'P000134', 'P000142', 'P000163', 'P000181', 'P000233', 'P000279', 'P000290', 'P000292', 'P000296', 'P000317', 'P000339', 'P000355', 'P000372', 'P000380', 'P000394', 'P000396', 'P007111', 'P007375', 'P007982']"
220,E000335,habitation,3,0.0,0.0,0.0,0.0,0,"['P000046', 'P000066', 'P000084', 'P000134', 'P000142', 'P000163', 'P000181', 'P000211', 'P000226', 'P000233', 'P000252', 'P000279', 'P000290', 'P000292', 'P000296', 'P000317', 'P000335', 'P000369', 'P000372', 'P000380', 'P000394', 'P007111', 'P007213', 'P007982']"
221,E000336,habitation,3,0.0,0.0,0.0,0.0,0,"['P000046', 'P000066', 'P000084', 'P000134', 'P000142', 'P000163', 'P000181', 'P000211', 'P000226', 'P000233', 'P000252', 'P000279', 'P000290', 'P000292', 'P000296', 'P000317', 'P000335', 'P000369', 'P000372', 'P000380', 'P000394', 'P007111', 'P007294', 'P007982']"
222,E000349,habitation,3,0.0,0.0,0.0,0.0,0,"['P000046', 'P000084', 'P000134', 'P000142', 'P000163', 'P000181', 'P000233', 'P000279', 'P000290', 'P000292', 'P000296', 'P000317', 'P000339', 'P000355', 'P000372', 'P000380', 'P000388', 'P000394', 'P000396', 'P007111', 'P007241', 'P007982']"
223,E000355,habitation,3,0.0,0.0,0.0,0.0,0,"['P000046', 'P000084', 'P000134', 'P000142', 'P000163', 'P000181', 'P000233', 'P000279', 'P000290', 'P000292', 'P000296', 'P000317', 'P000339', 'P000355', 'P000367', 'P000372', 'P000380', 'P000394', 'P000396', 'P007111', 'P007192', 'P007982']"
224,E000004,habitation,2,0.0,0.0,0.0,0.0,0,"['P000308', 'P000378', 'P007111', 'P007393', 'P007983']"
225,E000009,habitation,2,0.0,0.0,0.0,0.0,0,"['P000352', 'P007111', 'P007286', 'P007982']"
226,E000019,habitation,2,0.0,0.0,0.0,0.0,0,"['P000170', 'P000241', 'P007111', 'P007215', 'P007982']"
227,E000023,habitation,2,0.0,0.0,0.0,0.0,0,"['P000241', 'P000298', 'P007111', 'P007122', 'P007982']"
228,E000039,habitation,2,0.0,0.0,0.0,0.0,0,"['P000015', 'P000020', 'P000160', 'P000348', 'P007111', 'P007193', 'P007983']"
229,E000040,habitation,2,0.0,0.0,0.0,0.0,0,"['P000160', 'P000187', 'P000308', 'P007111', 'P007239', 'P007983']"
230,E000041,habitation,2,0.0,0.0,0.0,0.0,0,"['P000160', 'P000187', 'P000308', 'P007111', 'P007226', 'P007983']"
231,E000058,habitation,2,0.0,0.0,0.0,0.0,0,"['P000020', 'P000148', 'P000160', 'P000348', 'P007111', 'P007315', 'P007983', 'P007986']"
232,E000071,habitation,2,0.0,0.0,0.0,0.0,0,"['P000020', 'P000160', 'P000306', 'P000348', 'P007111', 'P007322', 'P007983']"
233,E000077,habitation,2,0.0,0.0,0.0,0.0,0,"['P000160', 'P000277', 'P000308', 'P000347', 'P007111', 'P007298', 'P007983']"
234,E000084,habitation,2,0.0,0.0,0.0,0.0,0,"['P000126', 'P000181', 'P000231', 'P000381', 'P000394', 'P000395', 'P007111', 'P007283', 'P007982']"
235,E000097,habitation,2,0.0,0.0,0.0,0.0,0,"['P000103', 'P000181', 'P000256', 'P000267', 'P000334', 'P000394', 'P000395', 'P007111', 'P007142', 'P007982']"
236,E000113,habitation,2,0.0,0.0,0.0,0.0,0,"['P000181', 'P000256', 'P000299', 'P000334', 'P000342', 'P000394', 'P000395', 'P007111', 'P007182', 'P007982', 'P007993']"
237,E000130,habitation,2,0.0,0.0,0.0,0.0,0,"['P000009', 'P000046', 'P000163', 'P000181', 'P000279', 'P000290', 'P000292', 'P000317', 'P000323', 'P000326', 'P000394', 'P007111', 'P007370', 'P007982']"
238,E000139,habitation,2,0.0,0.0,0.0,0.0,0,"['P000046', 'P000163', 'P000181', 'P000279', 'P000290', 'P000292', 'P000317', 'P000394', 'P007111', 'P007204', 'P007982']"
239,E000155,habitation,2,0.0,0.0,0.0,0.0,0,"['P000046', 'P000163', 'P000181', 'P000279', 'P000290', 'P000292', 'P000317', 'P000394', 'P007111', 'P007327', 'P007982']"
240,E000158,habitation,2,0.0,0.0,0.0,0.0,0,"['P000046', 'P000163', 'P000166', 'P000181', 'P000279', 'P000290', 'P000292', 'P000317', 'P000394', 'P000403', 'P007111', 'P007380', 'P007982']"
241,E000186,habitation,2,0.0,0.0,0.0,0.0,0,"['P000046', 'P000134', 'P000163', 'P000181', 'P000279', 'P000290', 'P000292', 'P000317', 'P000372', 'P000394', 'P007111', 'P007410', 'P007982']"
242,E000190,habitation,2,0.0,0.0,0.0,0.0,0,"['P000046', 'P000151', 'P000163', 'P000181', 'P000279', 'P000290', 'P000292', 'P000317', 'P000394', 'P007111', 'P007220', 'P007982']"
243,E000202,habitation,2,0.0,0.0,0.0,0.0,0,"['P000046', 'P000084', 'P000134', 'P000153', 'P000163', 'P000181', 'P000253', 'P000266', 'P000279', 'P000290', 'P000292', 'P000296', 'P000317', 'P000372', 'P000394', 'P007111', 'P007208', 'P007982']"
244,E000205,habitation,2,0.0,0.0,0.0,0.0,0,"['P000046', 'P000084', 'P000134', 'P000141', 'P000153', 'P000163', 'P000181', 'P000253', 'P000279', 'P000290', 'P000292', 'P000296', 'P000317', 'P000372', 'P000394', 'P007111', 'P007202', 'P007982']"
245,E000207,habitation,2,0.0,0.0,0.0,0.0,0,"['P000046', 'P000084', 'P000134', 'P000153', 'P000163', 'P000181', 'P000253', 'P000279', 'P000290', 'P000292', 'P000296', 'P000317', 'P000372', 'P000394', 'P007111', 'P007139', 'P007982']"
246,E000249,habitation,2,0.0,0.0,0.0,0.0,0,"['P000046', 'P000115', 'P000163', 'P000181', 'P000279', 'P000290', 'P000292', 'P000317', 'P000391', 'P000394', 'P007111', 'P007118', 'P007982']"
247,E000255,habitation,2,0.0,0.0,0.0,0.0,0,"['P000046', 'P000163', 'P000181', 'P000206', 'P000240', 'P000279', 'P000290', 'P000292', 'P000317', 'P000394', 'P007111', 'P007386', 'P007982']"
248,E000263,habitation,2,0.0,0.0,0.0,0.0,0,"['P000046', 'P000064', 'P000084', 'P000134', 'P000142', 'P000163', 'P000181', 'P000233', 'P000252', 'P000279', 'P000290', 'P000292', 'P000296', 'P000317', 'P000372', 'P000380', 'P000394', 'P007111', 'P007363', 'P007982']"
249,E000273,habitation,2,0.0,0.0,0.0,0.0,0,"['P000046', 'P000115', 'P000163', 'P000181', 'P000216', 'P000264', 'P000279', 'P000290', 'P000292', 'P000314', 'P000317', 'P000353', 'P000394', 'P007111', 'P007228', 'P007982']"
250,E000277,habitation,2,0.0,0.0,0.0,0.0,0,"['P000046', 'P000064', 'P000068', 'P000084', 'P000134', 'P000142', 'P000163', 'P000181', 'P000233', 'P000252', 'P000279', 'P000290', 'P000292', 'P000296', 'P000317', 'P000372', 'P000380', 'P000394', 'P007111', 'P007377', 'P007982']"
251,E000306,habitation,2,0.0,0.0,0.0,0.0,0,"['P000046', 'P000084', 'P000134', 'P000142', 'P000163', 'P000181', 'P000233', 'P000279', 'P000290', 'P000292', 'P000296', 'P000317', 'P000328', 'P000339', 'P000355', 'P000372', 'P000380', 'P000394', 'P000396', 'P007111', 'P007250', 'P007982']"
252,E000309,habitation,2,0.0,0.0,0.0,0.0,0,"['P000046', 'P000084', 'P000134', 'P000142', 'P000163', 'P000181', 'P000233', 'P000279', 'P000290', 'P000292', 'P000296', 'P000317', 'P000328', 'P000339', 'P000355', 'P000372', 'P000380', 'P000394', 'P000396', 'P007111', 'P007373', 'P007982']"
253,E000319,habitation,2,0.0,0.0,0.0,0.0,0,"['P000046', 'P000084', 'P000134', 'P000142', 'P000163', 'P000181', 'P000211', 'P000226', 'P000233', 'P000252', 'P000279', 'P000290', 'P000292', 'P000296', 'P000317', 'P000335', 'P000372', 'P000376', 'P000380', 'P000394', 'P007111', 'P007385', 'P007982']"
254,E000328,habitation,2,0.0,0.0,0.0,0.0,0,"['P000023', 'P000046', 'P000084', 'P000134', 'P000142', 'P000163', 'P000181', 'P000211', 'P000226', 'P000233', 'P000252', 'P000279', 'P000290', 'P000292', 'P000296', 'P000310', 'P000317', 'P000335', 'P000372', 'P000380', 'P000394', 'P007111', 'P007147', 'P007982']"
255,E000332,habitation,2,0.0,0.0,0.0,0.0,0,"['P000023', 'P000046', 'P000084', 'P000134', 'P000136', 'P000142', 'P000163', 'P000181', 'P000211', 'P000226', 'P000233', 'P000252', 'P000279', 'P000290', 'P000292', 'P000296', 'P000317', 'P000335', 'P000372', 'P000380', 'P000394', 'P007111', 'P007242', 'P007982']"
256,E000341,habitation,2,0.0,0.0,0.0,0.0,0,"['P000046', 'P000066', 'P000084', 'P000134', 'P000142', 'P000163', 'P000181', 'P000211', 'P000226', 'P000233', 'P000252', 'P000279', 'P000290', 'P000292', 'P000296', 'P000317', 'P000335', 'P000372', 'P000380', 'P000393', 'P000394', 'P007111', 'P007282', 'P007982']"
257,E000342,habitation,2,0.0,0.0,0.0,0.0,0,"['P000046', 'P000066', 'P000084', 'P000134', 'P000142', 'P000163', 'P000181', 'P000211', 'P000226', 'P000233', 'P000252', 'P000279', 'P000290', 'P000292', 'P000296', 'P000317', 'P000335', 'P000371', 'P000372', 'P000380', 'P000394', 'P007111', 'P007223', 'P007982']"
258,E000348,habitation,2,0.0,0.0,0.0,0.0,0,"['P000046', 'P000071', 'P000084', 'P000134', 'P000142', 'P000163', 'P000181', 'P000214', 'P000233', 'P000279', 'P000290', 'P000291', 'P000292', 'P000296', 'P000317', 'P000339', 'P000355', 'P000372', 'P000380', 'P000394', 'P000396', 'P007111', 'P007161', 'P007982']"
259,E000007,habitation,1,0.0,0.0,0.0,0.0,0,"['P000181', 'P007111', 'P007132', 'P007982']"
260,E000026,habitation,1,0.0,0.0,0.0,0.0,0,"['P000181', 'P000381', 'P000394', 'P000395', 'P007111', 'P007243', 'P007982']"
261,E000032,habitation,1,0.0,0.0,0.0,0.0,0,"['P000181', 'P000334', 'P000394', 'P000395', 'P007111', 'P007152', 'P007982']"
262,E000035,habitation,1,0.0,0.0,0.0,0.0,0,"['P000052', 'P000181', 'P000394', 'P000395', 'P007111', 'P007354', 'P007982']"
263,E000036,habitation,1,0.0,0.0,0.0,0.0,0,"['P000020', 'P000148', 'P000160', 'P000348', 'P007111', 'P007402', 'P007983']"
264,E000046,habitation,1,0.0,0.0,0.0,0.0,0,"['P000181', 'P000256', 'P000334', 'P000394', 'P000395', 'P007111', 'P007387', 'P007982']"
265,E000052,habitation,1,0.0,0.0,0.0,0.0,0,"['P000126', 'P000181', 'P000381', 'P000394', 'P000395', 'P007111', 'P007143', 'P007982']"
266,E000054,habitation,1,0.0,0.0,0.0,0.0,0,"['P000123', 'P000181', 'P000334', 'P000394', 'P000395', 'P007111', 'P007168', 'P007982']"
267,E000080,habitation,1,0.0,0.0,0.0,0.0,0,"['P000160', 'P000277', 'P000308', 'P000347', 'P007111', 'P007180', 'P007983']"
268,E000102,habitation,1,0.0,0.0,0.0,0.0,0,"['P000003', 'P000126', 'P000181', 'P000231', 'P000381', 'P000394', 'P000395', 'P007111', 'P007371', 'P007982']"
269,E000131,habitation,1,0.0,0.0,0.0,0.0,0,"['P000009', 'P000046', 'P000163', 'P000181', 'P000279', 'P000290', 'P000292', 'P000317', 'P000323', 'P000326', 'P000394', 'P007111', 'P007407', 'P007982']"
270,E000133,habitation,1,0.0,0.0,0.0,0.0,0,"['P000009', 'P000046', 'P000163', 'P000181', 'P000198', 'P000279', 'P000290', 'P000292', 'P000317', 'P000326', 'P000394', 'P007111', 'P007297', 'P007982']"
271,E000135,habitation,1,0.0,0.0,0.0,0.0,0,"['P000046', 'P000113', 'P000163', 'P000181', 'P000279', 'P000290', 'P000292', 'P000317', 'P000326', 'P000331', 'P000394', 'P007111', 'P007233', 'P007982']"
272,E000141,habitation,1,0.0,0.0,0.0,0.0,0,"['P000046', 'P000163', 'P000181', 'P000279', 'P000290', 'P000292', 'P000317', 'P000394', 'P007111', 'P007186', 'P007982']"
273,E000203,habitation,1,0.0,0.0,0.0,0.0,0,"['P000046', 'P000084', 'P000134', 'P000141', 'P000153', 'P000163', 'P000181', 'P000253', 'P000279', 'P000290', 'P000292', 'P000296', 'P000317', 'P000372', 'P000394', 'P007111', 'P007285', 'P007982']"
274,E000211,habitation,1,0.0,0.0,0.0,0.0,0,"['P000046', 'P000134', 'P000163', 'P000181', 'P000279', 'P000290', 'P000292', 'P000296', 'P000317', 'P000372', 'P000394', 'P007111', 'P007245', 'P007982']"
275,E000214,habitation,1,0.0,0.0,0.0,0.0,0,"['P000046', 'P000115', 'P000163', 'P000181', 'P000279', 'P000290', 'P000292', 'P000314', 'P000317', 'P000353', 'P000394', 'P007111', 'P007127', 'P007982']"
276,E000216,habitation,1,0.0,0.0,0.0,0.0,0,"['P000046', 'P000115', 'P000163', 'P000181', 'P000279', 'P000290', 'P000292', 'P000317', 'P000394', 'P007111', 'P007232', 'P007982']"
277,E000220,habitation,1,0.0,0.0,0.0,0.0,0,"['P000046', 'P000151', 'P000163', 'P000181', 'P000203', 'P000279', 'P000290', 'P000292', 'P000317', 'P000394', 'P007111', 'P007324', 'P007982']"
278,E000237,habitation,1,0.0,0.0,0.0,0.0,0,"['P000046', 'P000084', 'P000134', 'P000153', 'P000163', 'P000181', 'P000253', 'P000279', 'P000290', 'P000292', 'P000296', 'P000317', 'P000372', 'P000394', 'P007111', 'P007313', 'P007982']"
279,E000241,habitation,1,0.0,0.0,0.0,0.0,0,"['P000046', 'P000115', 'P000163', 'P000181', 'P000279', 'P000290', 'P000292', 'P000314', 'P000317', 'P000353', 'P000394', 'P000402', 'P007111', 'P007261', 'P007982']"
280,E000242,habitation,1,0.0,0.0,0.0,0.0,0,"['P000046', 'P000115', 'P000163', 'P000181', 'P000279', 'P000290', 'P000292', 'P000314', 'P000317', 'P000353', 'P000394', 'P000402', 'P007111', 'P007269', 'P007982']"
281,E000246,habitation,1,0.0,0.0,0.0,0.0,0,"['P000046', 'P000115', 'P000163', 'P000181', 'P000279', 'P000290', 'P000292', 'P000317', 'P000391', 'P000394', 'P007111', 'P007214', 'P007982']"
282,E000280,habitation,1,0.0,0.0,0.0,0.0,0,"['P000046', 'P000064', 'P000084', 'P000134', 'P000142', 'P000163', 'P000181', 'P000233', 'P000252', 'P000279', 'P000290', 'P000292', 'P000296', 'P000317', 'P000333', 'P000372', 'P000380', 'P000394', 'P007111', 'P007379', 'P007982']"
283,E000285,habitation,1,0.0,0.0,0.0,0.0,0,"['P000046', 'P000084', 'P000121', 'P000134', 'P000142', 'P000163', 'P000181', 'P000233', 'P000252', 'P000279', 'P000290', 'P000292', 'P000296', 'P000317', 'P000335', 'P000372', 'P000380', 'P000394', 'P007111', 'P007188', 'P007982']"
284,E000291,habitation,1,0.0,0.0,0.0,0.0,0,"['P000046', 'P000084', 'P000134', 'P000142', 'P000163', 'P000181', 'P000233', 'P000279', 'P000290', 'P000292', 'P000296', 'P000317', 'P000339', 'P000355', 'P000372', 'P000380', 'P000394', 'P000396', 'P007111', 'P007218', 'P007982']"
285,E000310,habitation,1,0.0,0.0,0.0,0.0,0,"['P000046', 'P000084', 'P000134', 'P000142', 'P000163', 'P000181', 'P000233', 'P000279', 'P000290', 'P000292', 'P000296', 'P000317', 'P000328', 'P000339', 'P000355', 'P000372', 'P000380', 'P000394', 'P000396', 'P007111', 'P007224', 'P007982']"
286,E000313,habitation,1,0.0,0.0,0.0,0.0,0,"['P000046', 'P000055', 'P000115', 'P000163', 'P000181', 'P000185', 'P000216', 'P000279', 'P000290', 'P000292', 'P000311', 'P000314', 'P000317', 'P000353', 'P000394', 'P007111', 'P007207', 'P007982']"
287,E000318,habitation,1,0.0,0.0,0.0,0.0,0,"['P000046', 'P000084', 'P000134', 'P000142', 'P000163', 'P000181', 'P000211', 'P000226', 'P000233', 'P000252', 'P000262', 'P000279', 'P000290', 'P000292', 'P000296', 'P000317', 'P000335', 'P000372', 'P000380', 'P000394', 'P007111', 'P007238', 'P007982']"
288,E000320,habitation,1,0.0,0.0,0.0,0.0,0,"['P000046', 'P000084', 'P000134', 'P000142', 'P000163', 'P000181', 'P000211', 'P000226', 'P000233', 'P000252', 'P000279', 'P000290', 'P000292', 'P000296', 'P000317', 'P000335', 'P000372', 'P000376', 'P000380', 'P000394', 'P007111', 'P007131', 'P007982']"
289,E000329,habitation,1,0.0,0.0,0.0,0.0,0,"['P000023', 'P000046', 'P000084', 'P000134', 'P000142', 'P000163', 'P000181', 'P000211', 'P000226', 'P000233', 'P000252', 'P000279', 'P000290', 'P000292', 'P000296', 'P000310', 'P000317', 'P000335', 'P000372', 'P000380', 'P000394', 'P007111', 'P007405', 'P007982']"
290,E000337,habitation,1,0.0,0.0,0.0,0.0,0,"['P000046', 'P000066', 'P000084', 'P000134', 'P000142', 'P000163', 'P000181', 'P000211', 'P000226', 'P000233', 'P000252', 'P000279', 'P000290', 'P000292', 'P000296', 'P000317', 'P000335', 'P000369', 'P000372', 'P000380', 'P000394', 'P007111', 'P007162', 'P007982']"
291,E000339,habitation,1,0.0,0.0,0.0,0.0,0,"['P000046', 'P000066', 'P000084', 'P000134', 'P000142', 'P000163', 'P000181', 'P000211', 'P000226', 'P000233', 'P000252', 'P000279', 'P000290', 'P000292', 'P000296', 'P000317', 'P000335', 'P000369', 'P000372', 'P000380', 'P000394', 'P007111', 'P007318', 'P007982']"
292,E000340,habitation,1,0.0,0.0,0.0,0.0,0,"['P000046', 'P000066', 'P000084', 'P000134', 'P000142', 'P000163', 'P000181', 'P000211', 'P000226', 'P000233', 'P000252', 'P000279', 'P000290', 'P000292', 'P000296', 'P000317', 'P000335', 'P000369', 'P000372', 'P000380', 'P000394', 'P007111', 'P007345', 'P007982']"
293,E000351,habitation,1,0.0,0.0,0.0,0.0,0,"['P000046', 'P000084', 'P000134', 'P000142', 'P000163', 'P000181', 'P000233', 'P000279', 'P000290', 'P000292', 'P000296', 'P000317', 'P000339', 'P000355', 'P000372', 'P000380', 'P000388', 'P000394', 'P000396', 'P007111', 'P007163', 'P007982']"
294,E000352,habitation,1,0.0,0.0,0.0,0.0,0,"['P000046', 'P000084', 'P000134', 'P000142', 'P000163', 'P000181', 'P000233', 'P000279', 'P000290', 'P000292', 'P000296', 'P000317', 'P000339', 'P000355', 'P000367', 'P000372', 'P000380', 'P000394', 'P000396', 'P007111', 'P007355', 'P007982']"
295,E000353,habitation,1,0.0,0.0,0.0,0.0,0,"['P000046', 'P000084', 'P000134', 'P000142', 'P000163', 'P000181', 'P000233', 'P000279', 'P000290', 'P000292', 'P000296', 'P000317', 'P000339', 'P000355', 'P000367', 'P000372', 'P000380', 'P000394', 'P000396', 'P007111', 'P007335', 'P007982']"
296,E000354,habitation,1,0.0,0.0,0.0,0.0,0,"['P000046', 'P000084', 'P000134', 'P000142', 'P000163', 'P000181', 'P000233', 'P000279', 'P000290', 'P000292', 'P000296', 'P000317', 'P000339', 'P000355', 'P000367', 'P000372', 'P000380', 'P000394', 'P000396', 'P007111', 'P007307', 'P007982']"
297,E000085,hôpital,1,0.0,0.0,0.0,0.0,0,"['P000181', 'P000365', 'P000394', 'P000395', 'P005500', 'P007111', 'P007447', 'P007982', 'P007990']"
298,E000106,école,1,0.0,0.0,0.0,0.0,0,"['P000181', 'P000365', 'P000394', 'P000395', 'P001391', 'P005500', 'P007111', 'P007752', 'P007982', 'P007990']"
299,E000107,habitation,2,0.0,0.0,0.0,0.0,0,"['P000181', 'P000365', 'P000394', 'P000395', 'P001391', 'P005500', 'P007111', 'P007689', 'P007982', 'P007990']"
300,E000112,habitation,6,0.0,0.0,0.0,0.0,0,"['P000181', 'P000256', 'P000299', 'P000334', 'P000342', 'P000394', 'P000395', 'P005664', 'P007111', 'P007448', 'P007982']"
301,E000127,habitation,8,0.0,0.0,0.0,0.0,0,"['P000147', 'P000149', 'P000181', 'P000256', 'P000334', 'P000342', 'P000394', 'P000395', 'P000873', 'P005117', 'P007111', 'P007790', 'P007982']"
302,E000098,habitation,7,0.0,0.0,0.0,0.0,0,"['P000181', 'P000256', 'P000334', 'P000342', 'P000394', 'P000395', 'P005531', 'P007111', 'P007639', 'P007982']"
303,E000222,habitation,6,0.0,0.0,0.0,0.0,0,"['P000046', 'P000163', 'P000181', 'P000279', 'P000290', 'P000292', 'P000317', 'P000394', 'P005820', 'P007111', 'P007627', 'P007982']"
304,E000259,habitation,8,0.0,0.0,0.0,0.0,0,"['P000181', 'P000265', 'P000275', 'P000381', 'P000394', 'P000395', 'P000719', 'P000732', 'P005100', 'P007111', 'P007206', 'P007982', 'P008001']"
305,E000258,habitation,6,0.0,0.0,0.0,0.0,0,"['P000181', 'P000265', 'P000275', 'P000381', 'P000394', 'P000395', 'P000719', 'P000732', 'P005100', 'P007111', 'P007415', 'P007982', 'P008001']"
306,E000194,habitation,5,0.0,0.0,0.0,0.0,0,"['P000181', 'P000265', 'P000381', 'P000394', 'P000395', 'P000719', 'P000732', 'P005100', 'P007111', 'P007260', 'P007982', 'P008001']"
307,E000225,habitation,5,0.0,0.0,0.0,0.0,0,"['P000181', 'P000265', 'P000381', 'P000394', 'P000395', 'P000719', 'P000732', 'P005100', 'P007111', 'P007157', 'P007982', 'P008001']"
308,E000195,habitation,4,0.0,0.0,0.0,0.0,0,"['P000181', 'P000265', 'P000381', 'P000394', 'P000395', 'P000719', 'P000732', 'P005100', 'P007111', 'P007210', 'P007982', 'P008001']"
309,E000196,habitation,3,0.0,0.0,0.0,0.0,0,"['P000181', 'P000265', 'P000381', 'P000394', 'P000395', 'P000719', 'P000732', 'P005100', 'P007111', 'P007169', 'P007982', 'P008001']"
310,E000302,habitation,7,0.0,0.0,0.0,0.0,0,"['P000181', 'P000265', 'P000381', 'P000394', 'P000395', 'P000719', 'P000730', 'P000732', 'P005100', 'P007111', 'P007631', 'P007982', 'P008001']"
311,E000365,habitation,8,0.0,0.0,0.0,0.0,0,"['P000023', 'P000046', 'P000084', 'P000134', 'P000136', 'P000142', 'P000163', 'P000181', 'P000211', 'P000226', 'P000233', 'P000252', 'P000279', 'P000290', 'P000292', 'P000296', 'P000317', 'P000335', 'P000372', 'P000380', 'P000394', 'P004862', 'P007111', 'P007780', 'P007982', 'P008031']"
312,E000364,habitation,5,0.0,0.0,0.0,0.0,0,"['P000023', 'P000046', 'P000084', 'P000134', 'P000136', 'P000142', 'P000163', 'P000181', 'P000211', 'P000226', 'P000233', 'P000252', 'P000279', 'P000290', 'P000292', 'P000296', 'P000317', 'P000335', 'P000372', 'P000380', 'P000394', 'P004862', 'P007111', 'P007518', 'P007982', 'P008031']"
313,E000160,habitation,8,0.0,0.0,0.0,0.0,0,"['P000181', 'P000265', 'P000381', 'P000394', 'P000395', 'P000600', 'P000719', 'P000723', 'P000732', 'P005100', 'P007111', 'P007641', 'P007982', 'P008001', 'P008005']"
314,E000266,habitation,8,0.0,0.0,0.0,0.0,0,"['P000046', 'P000084', 'P000134', 'P000153', 'P000163', 'P000181', 'P000253', 'P000266', 'P000279', 'P000290', 'P000292', 'P000296', 'P000317', 'P000372', 'P000394', 'P006709', 'P007111', 'P007692', 'P007982', 'P008025']"
315,E000373,habitation,8,0.0,0.0,0.0,0.0,0,"['P000023', 'P000046', 'P000084', 'P000134', 'P000136', 'P000142', 'P000163', 'P000181', 'P000211', 'P000226', 'P000233', 'P000252', 'P000279', 'P000290', 'P000292', 'P000296', 'P000317', 'P000335', 'P000372', 'P000380', 'P000394', 'P004209', 'P004862', 'P007111', 'P007514', 'P007982', 'P008031', 'P008032']"
316,E000376,habitation,8,0.0,0.0,0.0,0.0,0,"['P000023', 'P000046', 'P000084', 'P000134', 'P000136', 'P000142', 'P000163', 'P000181', 'P000211', 'P000226', 'P000233', 'P000252', 'P000279', 'P000290', 'P000292', 'P000296', 'P000317', 'P000335', 'P000372', 'P000380', 'P000394', 'P004209', 'P004211', 'P004862', 'P007111', 'P007506', 'P007982', 'P008031', 'P008032']"
317,E000274,habitation,4,0.0,0.0,0.0,0.0,0,"['P000046', 'P000163', 'P000181', 'P000279', 'P000290', 'P000292', 'P000317', 'P000394', 'P000398', 'P005781', 'P007111', 'P007539', 'P007982']"
318,E000111,habitation,5,0.0,0.0,0.0,0.0,0,"['P000020', 'P000160', 'P000348', 'P005770', 'P007111', 'P007813', 'P007983', 'P007985']"
319,E000128,habitation,6,0.0,0.0,0.0,0.0,0,"['P000147', 'P000181', 'P000256', 'P000334', 'P000342', 'P000394', 'P000395', 'P001156', 'P005317', 'P007111', 'P007679', 'P007982', 'P007987']"
320,E000374,habitation,7,0.0,0.0,0.0,0.0,0,"['P000023', 'P000046', 'P000084', 'P000134', 'P000136', 'P000142', 'P000163', 'P000181', 'P000211', 'P000226', 'P000233', 'P000252', 'P000279', 'P000290', 'P000292', 'P000296', 'P000317', 'P000335', 'P000372', 'P000380', 'P000394', 'P004862', 'P007111', 'P007534', 'P007982', 'P008031', 'P008032', 'P008034']"
321,E000293,habitation,4,0.0,0.0,0.0,0.0,0,"['P000046', 'P000084', 'P000134', 'P000153', 'P000163', 'P000181', 'P000253', 'P000266', 'P000279', 'P000290', 'P000292', 'P000296', 'P000317', 'P000372', 'P000394', 'P003849', 'P006709', 'P007111', 'P007713', 'P007982', 'P008025']"
322,E000381,habitation,8,0.0,0.0,0.0,0.0,0,"['P000023', 'P000046', 'P000084', 'P000134', 'P000136', 'P000142', 'P000163', 'P000181', 'P000211', 'P000226', 'P000233', 'P000252', 'P000279', 'P000290', 'P000292', 'P000296', 'P000317', 'P000335', 'P000372', 'P000380', 'P000394', 'P004234', 'P004862', 'P007111', 'P007459', 'P007982', 'P008031', 'P008032', 'P008035', 'P008036']"
323,E000378,habitation,5,0.0,0.0,0.0,0.0,0,"['P000023', 'P000046', 'P000084', 'P000134', 'P000136', 'P000142', 'P000163', 'P000181', 'P000211', 'P000226', 'P000233', 'P000252', 'P000279', 'P000290', 'P000292', 'P000296', 'P000317', 'P000335', 'P000372', 'P000380', 'P000394', 'P004234', 'P004862', 'P007111', 'P007497', 'P007982', 'P008031', 'P008032', 'P008035']"
324,E000377,habitation,6,0.0,0.0,0.0,0.0,0,"['P000023', 'P000046', 'P000084', 'P000134', 'P000136', 'P000142', 'P000163', 'P000181', 'P000211', 'P000226', 'P000233', 'P000252', 'P000279', 'P000290', 'P000292', 'P000296', 'P000317', 'P000335', 'P000372', 'P000380', 'P000394', 'P004196', 'P004862', 'P007111', 'P007703', 'P007982', 'P008031', 'P008032', 'P008035']"
325,E000380,habitation,4,0.0,0.0,0.0,0.0,0,"['P000023', 'P000046', 'P000084', 'P000134', 'P000136', 'P000142', 'P000163', 'P000181', 'P000211', 'P000226', 'P000233', 'P000252', 'P000279', 'P000290', 'P000292', 'P000296', 'P000317', 'P000335', 'P000372', 'P000380', 'P000394', 'P004185', 'P004196', 'P004862', 'P007111', 'P007463', 'P007982', 'P008031', 'P008032', 'P008035']"
326,E000146,habitation,2,0.0,0.0,0.0,0.0,0,"['P000181', 'P000265', 'P000381', 'P000394', 'P000395', 'P000644', 'P000719', 'P000732', 'P005100', 'P007111', 'P007802', 'P007982', 'P008001']"
327,E000268,habitation,6,0.0,0.0,0.0,0.0,0,"['P000046', 'P000084', 'P000134', 'P000141', 'P000153', 'P000163', 'P000181', 'P000253', 'P000279', 'P000290', 'P000292', 'P000296', 'P000317', 'P000372', 'P000394', 'P003569', 'P006457', 'P007111', 'P007696', 'P007982']"
328,E000267,habitation,4,0.0,0.0,0.0,0.0,0,"['P000046', 'P000084', 'P000134', 'P000141', 'P000153', 'P000163', 'P000181', 'P000253', 'P000279', 'P000290', 'P000292', 'P000296', 'P000317', 'P000372', 'P000394', 'P003569', 'P006457', 'P007111', 'P007777', 'P007982']"
329,E000252,habitation,5,0.0,0.0,0.0,0.0,0,"['P000046', 'P000163', 'P000181', 'P000279', 'P000290', 'P000292', 'P000317', 'P000394', 'P005820', 'P007111', 'P007698', 'P007982', 'P007988']"
330,E000228,habitation,8,0.0,0.0,0.0,0.0,0,"['P000181', 'P000265', 'P000381', 'P000394', 'P000395', 'P000494', 'P000719', 'P000732', 'P005100', 'P007111', 'P007810', 'P007982', 'P008001', 'P008003', 'P008004', 'P008010', 'P008011', 'P008012']"
331,E000197,habitation,4,0.0,0.0,0.0,0.0,0,"['P000181', 'P000265', 'P000381', 'P000394', 'P000395', 'P000494', 'P000719', 'P000732', 'P000748', 'P005100', 'P007111', 'P007763', 'P007982', 'P008001', 'P008003', 'P008004']"
332,E000260,habitation,7,0.0,0.0,0.0,0.0,0,"['P000181', 'P000265', 'P000381', 'P000394', 'P000395', 'P000494', 'P000719', 'P000732', 'P000740', 'P005100', 'P007111', 'P007702', 'P007982', 'P008001', 'P008003', 'P008004', 'P008010', 'P008012', 'P008013']"
333,E000227,habitation,2,0.0,0.0,0.0,0.0,0,"['P000181', 'P000265', 'P000381', 'P000394', 'P000395', 'P000494', 'P000719', 'P000732', 'P000744', 'P005100', 'P007111', 'P007686', 'P007982', 'P008001', 'P008003', 'P008004']"
334,E000226,habitation,2,0.0,0.0,0.0,0.0,0,"['P000181', 'P000265', 'P000381', 'P000394', 'P000395', 'P000494', 'P000719', 'P000732', 'P000744', 'P005100', 'P007111', 'P007458', 'P007982', 'P008001', 'P008003', 'P008004']"
335,E000229,habitation,1,0.0,0.0,0.0,0.0,0,"['P000181', 'P000265', 'P000381', 'P000394', 'P000395', 'P000494', 'P000719', 'P000732', 'P005100', 'P007111', 'P007731', 'P007982', 'P008001', 'P008003', 'P008004', 'P008010', 'P008011', 'P008012']"
336,E000144,habitation,6,0.0,0.0,0.0,0.0,0,"['P000147', 'P000149', 'P000181', 'P000256', 'P000334', 'P000342', 'P000394', 'P000395', 'P005117', 'P007111', 'P007737', 'P007982', 'P008002', 'P008006']"
337,E000145,habitation,3,0.0,0.0,0.0,0.0,0,"['P000147', 'P000149', 'P000181', 'P000256', 'P000334', 'P000342', 'P000394', 'P000395', 'P005117', 'P007111', 'P007638', 'P007982', 'P008002', 'P008007']"
338,E000346,habitation,7,0.0,0.0,0.0,0.0,0,"['P000046', 'P000084', 'P000134', 'P000142', 'P000163', 'P000181', 'P000233', 'P000252', 'P000279', 'P000290', 'P000292', 'P000296', 'P000317', 'P000372', 'P000380', 'P000394', 'P003802', 'P003870', 'P006712', 'P007111', 'P007699', 'P007982']"
339,E000322,habitation,5,0.0,0.0,0.0,0.0,0,"['P000046', 'P000084', 'P000134', 'P000142', 'P000163', 'P000181', 'P000233', 'P000252', 'P000279', 'P000290', 'P000292', 'P000296', 'P000317', 'P000372', 'P000380', 'P000394', 'P003802', 'P006712', 'P007111', 'P007602', 'P007982']"
340,E000359,habitation,4,0.0,0.0,0.0,0.0,0,"['P000046', 'P000084', 'P000134', 'P000142', 'P000163', 'P000181', 'P000233', 'P000252', 'P000279', 'P000290', 'P000292', 'P000296', 'P000317', 'P000372', 'P000380', 'P000394', 'P003802', 'P003870', 'P003881', 'P006712', 'P007111', 'P007637', 'P007982']"
341,E000184,habitation,6,0.0,0.0,0.0,0.0,0,"['P000046', 'P000163', 'P000181', 'P000279', 'P000290', 'P000292', 'P000294', 'P000317', 'P000326', 'P000331', 'P000349', 'P000394', 'P005000', 'P007111', 'P007593', 'P007982', 'P008028']"
342,E000303,habitation,4,0.0,0.0,0.0,0.0,0,"['P000181', 'P000265', 'P000381', 'P000394', 'P000395', 'P000476', 'P000494', 'P000719', 'P000732', 'P005100', 'P007111', 'P007567', 'P007982', 'P008001', 'P008003', 'P008004', 'P008010', 'P008012', 'P008013', 'P008016', 'P008020']"
343,E000317,habitation,2,0.0,0.0,0.0,0.0,0,"['P000181', 'P000265', 'P000381', 'P000394', 'P000395', 'P000470', 'P000476', 'P000494', 'P000635', 'P000719', 'P000732', 'P005100', 'P007111', 'P007584', 'P007982', 'P008001', 'P008003', 'P008004', 'P008010', 'P008012', 'P008013', 'P008016']"
344,E000358,habitation,4,0.0,0.0,0.0,0.0,0,"['P000181', 'P000265', 'P000381', 'P000394', 'P000395', 'P000464', 'P000470', 'P000476', 'P000494', 'P000629', 'P000719', 'P000732', 'P005100', 'P007111', 'P007544', 'P007982', 'P008001', 'P008003', 'P008004', 'P008010', 'P008012', 'P008013', 'P008016', 'P008019']"
345,E000327,habitation,3,0.0,0.0,0.0,0.0,0,"['P000181', 'P000265', 'P000381', 'P000394', 'P000395', 'P000470', 'P000476', 'P000494', 'P000633', 'P000719', 'P000732', 'P005100', 'P007111', 'P007677', 'P007982', 'P008001', 'P008003', 'P008004', 'P008010', 'P008012', 'P008013', 'P008016', 'P008019']"
346,E000371,habitation,6,0.0,0.0,0.0,0.0,0,"['P000181', 'P000265', 'P000381', 'P000394', 'P000395', 'P000462', 'P000464', 'P000470', 'P000476', 'P000494', 'P000719', 'P000732', 'P005100', 'P007111', 'P007616', 'P007982', 'P008001', 'P008003', 'P008004', 'P008010', 'P008012', 'P008013', 'P008016', 'P008017', 'P008018', 'P008019']"
347,E000370,habitation,2,0.0,0.0,0.0,0.0,0,"['P000181', 'P000265', 'P000381', 'P000394', 'P000395', 'P000462', 'P000464', 'P000470', 'P000476', 'P000494', 'P000621', 'P000719', 'P000732', 'P005100', 'P007111', 'P007533', 'P007982', 'P008001', 'P008003', 'P008004', 'P008010', 'P008012', 'P008013', 'P008016', 'P008017', 'P008019']"
348,E000363,habitation,2,0.0,0.0,0.0,0.0,0,"['P000181', 'P000265', 'P000381', 'P000394', 'P000395', 'P000462', 'P000464', 'P000470', 'P000476', 'P000494', 'P000627', 'P000719', 'P000732', 'P005100', 'P007111', 'P007645', 'P007982', 'P008001', 'P008003', 'P008004', 'P008010', 'P008012', 'P008013', 'P008016', 'P008019']"
349,E000275,habitation,1,0.0,0.0,0.0,0.0,0,"['P000181', 'P000265', 'P000381', 'P000394', 'P000395', 'P000476', 'P000494', 'P000717', 'P000719', 'P000732', 'P005100', 'P007111', 'P007618', 'P007982', 'P008001', 'P008003', 'P008004', 'P008010', 'P008012', 'P008013']"
350,E000129,habitation,5,0.0,0.0,0.0,0.0,0,"['P000147', 'P000181', 'P000256', 'P000334', 'P000342', 'P000394', 'P000395', 'P005317', 'P007111', 'P007485', 'P007982', 'P007987', 'P007999']"
351,E000316,habitation,5,0.0,0.0,0.0,0.0,0,"['P000046', 'P000115', 'P000163', 'P000181', 'P000279', 'P000290', 'P000292', 'P000317', 'P000394', 'P005726', 'P007111', 'P007662', 'P007982', 'P007994', 'P007995', 'P007996']"
352,E000315,habitation,4,0.0,0.0,0.0,0.0,0,"['P000046', 'P000115', 'P000163', 'P000181', 'P000279', 'P000290', 'P000292', 'P000317', 'P000394', 'P003330', 'P005726', 'P007111', 'P007770', 'P007982', 'P007994', 'P007995']"
353,E000301,habitation,3,0.0,0.0,0.0,0.0,0,"['P000046', 'P000115', 'P000163', 'P000181', 'P000279', 'P000290', 'P000292', 'P000317', 'P000394', 'P003202', 'P005726', 'P007111', 'P007597', 'P007982', 'P007994']"
354,E000368,habitation,8,0.0,0.0,0.0,0.0,0,"['P000046', 'P000084', 'P000134', 'P000142', 'P000163', 'P000181', 'P000233', 'P000279', 'P000290', 'P000292', 'P000296', 'P000317', 'P000328', 'P000339', 'P000355', 'P000372', 'P000380', 'P000394', 'P000396', 'P004282', 'P004284', 'P006950', 'P007111', 'P007609', 'P007982', 'P008033']"
355,E000367,habitation,3,0.0,0.0,0.0,0.0,0,"['P000046', 'P000084', 'P000134', 'P000142', 'P000163', 'P000181', 'P000233', 'P000279', 'P000290', 'P000292', 'P000296', 'P000317', 'P000328', 'P000339', 'P000355', 'P000372', 'P000380', 'P000394', 'P000396', 'P004282', 'P004284', 'P006950', 'P007111', 'P007564', 'P007982', 'P008033']"
356,E000360,habitation,2,0.0,0.0,0.0,0.0,0,"['P000046', 'P000084', 'P000134', 'P000142', 'P000163', 'P000181', 'P000233', 'P000279', 'P000290', 'P000292', 'P000296', 'P000317', 'P000328', 'P000339', 'P000355', 'P000372', 'P000380', 'P000394', 'P000396', 'P004282', 'P006950', 'P007111', 'P007528', 'P007982', 'P008033']"
357,E000372,habitation,5,0.0,0.0,0.0,0.0,0,"['P000046', 'P000084', 'P000134', 'P000142', 'P000163', 'P000181', 'P000233', 'P000279', 'P000290', 'P000292', 'P000296', 'P000317', 'P000328', 'P000339', 'P000355', 'P000372', 'P000380', 'P000394', 'P000396', 'P004261', 'P004269', 'P004271', 'P006950', 'P007111', 'P007610', 'P007982', 'P008033']"
358,E000369,habitation,3,0.0,0.0,0.0,0.0,0,"['P000046', 'P000084', 'P000134', 'P000142', 'P000163', 'P000181', 'P000233', 'P000279', 'P000290', 'P000292', 'P000296', 'P000317', 'P000328', 'P000339', 'P000355', 'P000372', 'P000380', 'P000394', 'P000396', 'P004269', 'P004271', 'P006950', 'P007111', 'P007507', 'P007982', 'P008033']"
359,E000067,habitation,4,0.0,0.0,0.0,0.0,0,"['P000020', 'P000160', 'P000348', 'P002851', 'P006193', 'P007111', 'P007624', 'P007983']"
360,E000109,habitation,6,0.0,0.0,0.0,0.0,0,"['P000181', 'P000365', 'P000394', 'P000395', 'P005500', 'P007111', 'P007572', 'P007982', 'P007991', 'P007997']"
361,E000108,habitation,6,0.0,0.0,0.0,0.0,0,"['P000181', 'P000365', 'P000394', 'P000395', 'P005500', 'P007111', 'P007476', 'P007982', 'P007991', 'P007997']"
362,E000361,habitation,1,0.0,0.0,0.0,0.0,0,"['P000046', 'P000084', 'P000134', 'P000142', 'P000163', 'P000181', 'P000233', 'P000279', 'P000290', 'P000292', 'P000296', 'P000317', 'P000328', 'P000339', 'P000355', 'P000372', 'P000380', 'P000394', 'P000396', 'P004271', 'P006950', 'P007111', 'P007529', 'P007982', 'P008033']"
363,E000198,habitation,2,0.0,0.0,0.0,0.0,0,"['P000181', 'P000265', 'P000381', 'P000394', 'P000395', 'P000494', 'P000719', 'P000732', 'P005100', 'P007111', 'P007695', 'P007982', 'P008001', 'P008003', 'P008004', 'P008010', 'P008014']"
364,E000366,habitation,2,0.0,0.0,0.0,0.0,0,"['P000046', 'P000084', 'P000134', 'P000142', 'P000163', 'P000181', 'P000233', 'P000252', 'P000279', 'P000290', 'P000292', 'P000296', 'P000317', 'P000372', 'P000380', 'P000394', 'P003802', 'P003870', 'P003881', 'P003903', 'P006712', 'P007111', 'P007478', 'P007982']"
365,E000379,habitation,2,0.0,0.0,0.0,0.0,0,"['P000046', 'P000084', 'P000134', 'P000142', 'P000163', 'P000181', 'P000233', 'P000279', 'P000290', 'P000292', 'P000296', 'P000317', 'P000328', 'P000339', 'P000355', 'P000372', 'P000380', 'P000394', 'P000396', 'P004251', 'P004257', 'P004261', 'P004269', 'P004271', 'P006950', 'P007111', 'P007766', 'P007982', 'P008033']"
366,E000375,habitation,1,0.0,0.0,0.0,0.0,0,"['P000046', 'P000084', 'P000134', 'P000142', 'P000163', 'P000181', 'P000233', 'P000279', 'P000290', 'P000292', 'P000296', 'P000317', 'P000328', 'P000339', 'P000355', 'P000372', 'P000380', 'P000394', 'P000396', 'P004257', 'P004261', 'P004269', 'P004271', 'P006950', 'P007111', 'P007768', 'P007982', 'P008033']"
367,E000178,habitation,1,0.0,0.0,0.0,0.0,0,"['P000181', 'P000265', 'P000381', 'P000394', 'P000395', 'P000494', 'P000719', 'P000732', 'P000750', 'P005100', 'P007111', 'P007727', 'P007982', 'P008001', 'P008003', 'P008004']"
368,E000188,habitation,2,0.0,0.0,0.0,0.0,0,"['P000046', 'P000163', 'P000166', 'P000181', 'P000279', 'P000290', 'P000292', 'P000317', 'P000394', 'P000403', 'P002445', 'P005915', 'P007111', 'P007764', 'P007982']"
369,E000110,habitation,3,0.0,0.0,0.0,0.0,0,"['P000181', 'P000365', 'P000394', 'P000395', 'P005500', 'P007111', 'P007554', 'P007982', 'P007991', 'P007998']"
370,E000325,habitation,3,0.0,0.0,0.0,0.0,0,"['P000046', 'P000084', 'P000134', 'P000153', 'P000163', 'P000181', 'P000253', 'P000266', 'P000279', 'P000290', 'P000292', 'P000296', 'P000317', 'P000372', 'P000394', 'P003849', 'P003934', 'P006709', 'P007111', 'P007552', 'P007982', 'P008025', 'P008029']"
371,E000326,habitation,3,0.0,0.0,0.0,0.0,0,"['P000046', 'P000084', 'P000134', 'P000153', 'P000163', 'P000181', 'P000253', 'P000266', 'P000279', 'P000290', 'P000292', 'P000296', 'P000317', 'P000372', 'P000394', 'P003849', 'P006709', 'P007111', 'P007715', 'P007982', 'P008025', 'P008029', 'P008030']"
372,E000193,habitation,4,0.0,0.0,0.0,0.0,0,"['P000181', 'P000265', 'P000381', 'P000394', 'P000395', 'P000719', 'P000723', 'P000732', 'P005100', 'P007111', 'P007607', 'P007982', 'P008001', 'P008005', 'P008008', 'P008022', 'P008026']"
373,E000175,habitation,3,0.0,0.0,0.0,0.0,0,"['P000181', 'P000265', 'P000381', 'P000394', 'P000395', 'P000719', 'P000723', 'P000732', 'P005100', 'P007111', 'P007595', 'P007982', 'P008001', 'P008005', 'P008008', 'P008022']"
374,E000174,habitation,1,0.0,0.0,0.0,0.0,0,"['P000181', 'P000265', 'P000381', 'P000394', 'P000395', 'P000719', 'P000723', 'P000732', 'P005100', 'P007111', 'P007785', 'P007982', 'P008001', 'P008005', 'P008008', 'P008021']"
375,E000161,habitation,2,0.0,0.0,0.0,0.0,0,"['P000181', 'P000265', 'P000381', 'P000394', 'P000395', 'P000604', 'P000719', 'P000732', 'P005100', 'P007111', 'P007580', 'P007982', 'P008001', 'P008005', 'P008009']"
376,E000185,habitation,1,0.0,0.0,0.0,0.0,0,"['P000046', 'P000163', 'P000181', 'P000279', 'P000290', 'P000292', 'P000317', 'P000394', 'P002717', 'P006106', 'P007111', 'P007565', 'P007982']"
377,E000257,habitation,1,0.0,0.0,0.0,0.0,0,"['P000181', 'P000265', 'P000381', 'P000394', 'P000395', 'P000719', 'P000732', 'P005100', 'P005193', 'P007111', 'P007648', 'P007982', 'P007992', 'P008001']"
378,E000176,habitation,2,0.0,0.0,0.0,0.0,0,"['P000181', 'P000265', 'P000381', 'P000394', 'P000395', 'P000719', 'P000732', 'P005100', 'P007111', 'P007562', 'P007982', 'P008001', 'P008005', 'P008009', 'P008015', 'P008023']"
379,E000177,habitation,2,0.0,0.0,0.0,0.0,0,"['P000181', 'P000265', 'P000381', 'P000394', 'P000395', 'P000719', 'P000732', 'P005100', 'P007111', 'P007566', 'P007982', 'P008001', 'P008005', 'P008009', 'P008015', 'P008024']"
380,E000183,habitation,1,0.0,0.0,0.0,0.0,0,"['P000046', 'P000163', 'P000181', 'P000279', 'P000290', 'P000292', 'P000294', 'P000317', 'P000326', 'P000331', 'P000349', 'P000394', 'P005000', 'P007111', 'P007530', 'P007982', 'P008027']"
381,E000003,habitation,1,0.0,0.0,0.0,0.0,0,"['P007111', 'P007113', 'P007823', 'P007984']"
