etape,phase,id_batiment,type_batiment,is_uninhabited,prises,cost_before,time_before,cat_score,score,score_parts_cost_n,score_parts_time_n,score_parts_wall_n,score_parts_p_n,score_parts_c_n,score_penalty,infrastructures,repaired_infras,step_cost,step_time,euro_per_prise_marginal,h_per_prise_marginal,labour_cost,wall_clock_step_h,cost_cum,time_cum,prises_cum,note
1,0(hôpital),E000085,hôpital,0,1,18483.264358941567,77.91654959839335,0.0,0.3777835859419483,0.31208333576274855,0.25782089505618916,0.244987615528306,0.0,0.20732078509091048,1.0,"['P000181', 'P000365', 'P000394', 'P000395', 'P005500', 'P007111', 'P007447', 'P007982', 'P007990']","['P007990', 'P005500', 'P007447']",18483.264358941567,77.91654959839335,18483.264358941567,77.91654959839335,2921.8706099397505,9.35143051607775,18483.264358941567,77.91654959839335,1,
2,1,E000106,école,0,1,8436.518516833148,44.43638509657634,0.5,0.7191971363683396,0.14729836643977612,0.1470371652455341,0.2500566437218565,0.0,0.09462969356371913,1.0,"['P000181', 'P000365', 'P000394', 'P000395', 'P001391', 'P005500', 'P007111', 'P007752', 'P007982', 'P007990']","['P001391', 'P007752']",8436.518516833148,44.43638509657634,8436.518516833148,44.43638509657634,1666.3644411216126,9.544920561824775,26919.782875774716,122.35293469496969,2,
3,1,E000127,habitation,0,8,14634.412304529207,66.7362145407099,1.0,0.8525511076071535,0.031231866112831474,0.027603234893987274,0.023971539769678845,1.0,0.16414945917555535,1.0,"['P000147', 'P000149', 'P000181', 'P000256', 'P000334', 'P000342', 'P000394', 'P000395', 'P000873', 'P005117', 'P007111', 'P007790', 'P007982']","['P007790', 'P005117', 'P000873']",14634.412304529207,66.7362145407099,1829.301538066151,8.342026817588737,2502.608045276621,7.3201476094580995,41554.19518030393,189.0891492356796,10,
4,1,E000259,habitation,0,8,18773.43407247938,75.09373628991753,1.0,0.8623336218569712,0.03934632582448011,0.031060048223341748,0.01766250736687389,1.0,0.21057552471114221,1.0,"['P000181', 'P000265', 'P000275', 'P000381', 'P000394', 'P000395', 'P000719', 'P000732', 'P005100', 'P007111', 'P007206', 'P007982', 'P008001']","['P000732', 'P005100', 'P008001', 'P000719']",18773.43407247938,75.09373628991753,2346.6792590599225,9.386717036239691,2816.0151108719074,5.39356930430465,60327.62925278331,264.18288552559716,18,
5,1,E000302,habitation,0,7,5481.818235167805,30.454545750932255,1.0,0.8543008732240587,0.013796405678206223,0.014396021466016769,0.022417505652282073,0.8571428571428571,0.061487778250104486,1.0,"['P000181', 'P000265', 'P000381', 'P000394', 'P000395', 'P000719', 'P000730', 'P000732', 'P005100', 'P007111', 'P007631', 'P007982', 'P008001']","['P007631', 'P000730']",5481.818235167805,30.454545750932255,783.1168907382579,4.350649392990322,1142.0454656599595,5.989895538160876,65809.44748795111,294.6374312765294,25,
6,1,E000160,habitation,0,8,18968.111365428333,75.87244546171334,1.0,0.8639055092667716,0.03975434047802855,0.031382135598706284,0.02154765828902239,1.0,0.2127591568028417,1.0,"['P000181', 'P000265', 'P000381', 'P000394', 'P000395', 'P000600', 'P000719', 'P000723', 'P000732', 'P005100', 'P007111', 'P007641', 'P007982', 'P008001', 'P008005']","['P008005', 'P000723', 'P007641', 'P000600']",18968.111365428333,75.87244546171334,2371.0139206785416,9.484055682714168,2845.21670481425,6.57997111697095,84777.55885337945,370.5098767382427,33,
7,1,E000266,habitation,0,8,19331.493618892855,86.97560321326496,1.0,0.8691986739739066,0.041175419989116835,0.03597459073854819,0.03159997193900583,1.0,0.21683509775208876,1.0,"['P000046', 'P000084', 'P000134', 'P000153', 'P000163', 'P000181', 'P000253', 'P000266', 'P000279', 'P000290', 'P000292', 'P000296', 'P000317', 'P000372', 'P000394', 'P006709', 'P007111', 'P007692', 'P007982', 'P008025']","['P008025', 'P006709', 'P007692']",19331.493618892855,86.97560321326496,2416.436702361607,10.87195040165812,3261.585120497436,9.64962873769354,104109.0524722723,457.48547995150767,41,
8,1,E000365,habitation,0,8,18820.4360068854,89.15765144473323,1.0,0.8705914565248436,0.040393155703530206,0.036877123048745165,0.040571350401387825,1.0,0.21110273017401995,1.0,"['P000023', 'P000046', 'P000084', 'P000134', 'P000136', 'P000142', 'P000163', 'P000181', 'P000211', 'P000226', 'P000233', 'P000252', 'P000279', 'P000290', 'P000292', 'P000296', 'P000317', 'P000335', 'P000372', 'P000380', 'P000394', 'P004862', 'P007111', 'P007780', 'P007982', 'P008031']","['P004862', 'P007780', 'P008031']",18820.4360068854,89.15765144473323,2352.554500860675,11.144706430591654,3343.4119291774964,12.389203051063951,122929.4884791577,546.643131396241,49,
9,1,E000373,habitation,0,8,19402.41457415171,91.57534957309781,1.0,0.8724679860751067,0.04161903232465904,0.03787712416956527,0.04083386674042807,1.0,0.21763059511868624,1.0,"['P000023', 'P000046', 'P000084', 'P000134', 'P000136', 'P000142', 'P000163', 'P000181', 'P000211', 'P000226', 'P000233', 'P000252', 'P000279', 'P000290', 'P000292', 'P000296', 'P000317', 'P000335', 'P000372', 'P000380', 'P000394', 'P004209', 'P004862', 'P007111', 'P007514', 'P007982', 'P008031', 'P008032']","['P004209', 'P007514', 'P008032']",19402.41457415171,91.57534957309781,2425.3018217689637,11.446918696637226,3434.075608991168,12.469367211152651,142331.90305330942,638.2184809693388,57,
10,1,E000376,habitation,0,8,9916.237505247858,43.68931889024575,1.0,0.8372847630862406,0.021057996411920802,0.01807064634974336,0.024000998045489063,1.0,0.11122722181600848,1.0,"['P000023', 'P000046', 'P000084', 'P000134', 'P000136', 'P000142', 'P000163', 'P000181', 'P000211', 'P000226', 'P000233', 'P000252', 'P000279', 'P000290', 'P000292', 'P000296', 'P000317', 'P000335', 'P000372', 'P000380', 'P000394', 'P004209', 'P004211', 'P004862', 'P007111', 'P007506', 'P007982', 'P008031', 'P008032']","['P007506', 'P004211']",9916.237505247858,43.68931889024575,1239.5296881559823,5.461164861280719,1638.3494583842157,7.3291432321558,152248.14055855726,681.9077998595845,65,
11,1,E000381,habitation,0,8,23116.33048518977,99.9070823003193,1.0,0.8786881551475679,0.048956982881956365,0.04132327072022292,0.024369789235551133,1.0,0.25928838605243704,1.0,"['P000023', 'P000046', 'P000084', 'P000134', 'P000136', 'P000142', 'P000163', 'P000181', 'P000211', 'P000226', 'P000233', 'P000252', 'P000279', 'P000290', 'P000292', 'P000296', 'P000317', 'P000335', 'P000372', 'P000380', 'P000394', 'P004234', 'P004862', 'P007111', 'P007459', 'P007982', 'P008031', 'P008032', 'P008035', 'P008036']","['P008036', 'P004234', 'P007459', 'P008035']",23116.33048518977,99.9070823003193,2889.5413106487213,12.488385287539913,3746.515586261974,7.44176035956022,175364.47104374703,781.8148821599038,73,
12,1,E000098,habitation,0,7,12944.177645733216,60.3626350132637,1.0,0.8809959070768355,0.031675267331044595,0.02853373012039357,0.028690431395907528,0.8571428571428571,0.14519064488580946,1.0,"['P000181', 'P000256', 'P000334', 'P000342', 'P000394', 'P000395', 'P005531', 'P007111', 'P007639', 'P007982']","['P007639', 'P005531']",12944.177645733216,60.3626350132637,1849.1682351047452,8.623233573323386,2263.598812997389,7.666003955652525,188308.64868948027,842.1775171731675,80,
13,1,E000364,habitation,0,5,2459.07065862651,9.83628263450604,1.0,0.8994188328326598,0.008246154218663667,0.006509526425195528,0.012884485556231465,0.5714285714285714,0.027582598486930083,1.0,"['P000023', 'P000046', 'P000084', 'P000134', 'P000136', 'P000142', 'P000163', 'P000181', 'P000211', 'P000226', 'P000233', 'P000252', 'P000279', 'P000290', 'P000292', 'P000296', 'P000317', 'P000335', 'P000372', 'P000380', 'P000394', 'P004862', 'P007111', 'P007518', 'P007982', 'P008031']",['P007518'],2459.07065862651,9.83628263450604,491.814131725302,1.967256526901208,368.86059879397646,2.45907065862651,190767.71934810677,852.0137998076735,85,
14,1,E000112,habitation,0,6,10442.5347037063,41.7701388148252,1.0,0.9032401749017059,0.029181332962254728,0.023035787714264934,0.02818638272576793,0.7142857142857143,0.11713052689549062,1.0,"['P000181', 'P000256', 'P000299', 'P000334', 'P000342', 'P000394', 'P000395', 'P005664', 'P007111', 'P007448', 'P007982']","['P007448', 'P005664']",10442.5347037063,41.7701388148252,1740.4224506177168,6.961689802470867,1566.3802055559452,6.4554201809227,201210.25405181307,893.7839386224987,91,
15,1,E000378,habitation,0,5,3763.841600168235,15.05536640067294,1.0,0.9066903989360231,0.012621523574659966,0.009963449513170982,0.01972093097983498,0.5714285714285714,0.042217791205654324,1.0,"['P000023', 'P000046', 'P000084', 'P000134', 'P000136', 'P000142', 'P000163', 'P000181', 'P000211', 'P000226', 'P000233', 'P000252', 'P000279', 'P000290', 'P000292', 'P000296', 'P000317', 'P000335', 'P000372', 'P000380', 'P000394', 'P004234', 'P004862', 'P007111', 'P007497', 'P007982', 'P008031', 'P008032', 'P008035']",['P007497'],3763.841600168235,15.05536640067294,752.768320033647,3.011073280134588,564.5762400252353,3.763841600168235,204974.0956519813,908.8393050231716,96,
16,1,E000228,habitation,0,8,30874.686530321676,150.68211842666423,1.0,0.9081779778236072,0.06656654384872691,0.062324690393063716,0.03301141964919787,1.0,0.346311350992796,1.0,"['P000181', 'P000265', 'P000381', 'P000394', 'P000395', 'P000494', 'P000719', 'P000732', 'P005100', 'P007111', 'P007810', 'P007982', 'P008001', 'P008003', 'P008004', 'P008010', 'P008011', 'P008012']","['P008011', 'P008012', 'P000494', 'P008004', 'P008003', 'P007810', 'P008010']",30874.686530321676,150.68211842666423,3859.3358162902096,18.83526480333303,5650.579440999909,10.0806400820172,235848.78218230297,1059.5214234498358,104,
17,1,E000260,habitation,0,7,14540.099780428589,77.09296977827898,1.0,0.8909202389709158,0.03630605138618617,0.036442245991244605,0.03877096806174368,0.8571428571428571,0.16309158616347635,1.0,"['P000181', 'P000265', 'P000381', 'P000394', 'P000395', 'P000494', 'P000719', 'P000732', 'P000740', 'P005100', 'P007111', 'P007702', 'P007982', 'P008001', 'P008003', 'P008004', 'P008010', 'P008012', 'P008013']","['P000740', 'P008013', 'P007702']",14540.099780428589,77.09296977827898,2077.1571114897984,11.013281396896998,2890.9863666854617,10.35949548559945,250388.88196273157,1136.6143932281147,111,
18,1,E000374,habitation,0,7,18990.69024826881,105.50383471260449,1.0,0.9112621007824094,0.04779495698953089,0.04987220895334634,0.05188519180407257,0.8571428571428571,0.21301241681287333,1.0,"['P000023', 'P000046', 'P000084', 'P000134', 'P000136', 'P000142', 'P000163', 'P000181', 'P000211', 'P000226', 'P000233', 'P000252', 'P000279', 'P000290', 'P000292', 'P000296', 'P000317', 'P000335', 'P000372', 'P000380', 'P000394', 'P004862', 'P007111', 'P007534', 'P007982', 'P008031', 'P008032', 'P008034']","['P007534', 'P008034']",18990.69024826881,105.50383471260449,2712.955749752687,15.071976387514926,3956.3938017226683,13.863579815901499,269379.57221100037,1242.1182279407192,118,
19,1,E000222,habitation,0,6,13689.65046777896,63.29690389417812,1.0,0.9196139267802883,0.03903333923418859,0.03490756991592771,0.037280896038564756,0.7142857142857143,0.15355237189079565,1.0,"['P000046', 'P000163', 'P000181', 'P000279', 'P000290', 'P000292', 'P000317', 'P000394', 'P005820', 'P007111', 'P007627', 'P007982']","['P005820', 'P007627']",13689.65046777896,63.29690389417812,2281.608411296493,10.54948398236302,2373.63389603168,8.53830202306228,283069.22267877933,1305.4151318348972,124,
20,1,E000128,habitation,0,6,16148.233437834475,69.1636323652628,1.0,0.9259402584798667,0.045542227817327946,0.03814300832891126,0.02944795741158458,0.7142857142857143,0.18112950013310578,1.0,"['P000147', 'P000181', 'P000256', 'P000334', 'P000342', 'P000394', 'P000395', 'P001156', 'P005317', 'P007111', 'P007679', 'P007982', 'P007987']","['P007679', 'P005317', 'P001156']",16148.233437834475,69.1636323652628,2691.372239639079,11.527272060877133,2593.636213697355,6.7443538396258,299217.4561166138,1374.57876420016,130,
21,1,E000377,habitation,0,6,14573.769115695948,79.27533126124621,1.0,0.9275209988667668,0.04263774094870611,0.04371950282492113,0.04427579117596228,0.7142857142857143,0.1634692441834863,1.0,"['P000023', 'P000046', 'P000084', 'P000134', 'P000136', 'P000142', 'P000163', 'P000181', 'P000211', 'P000226', 'P000233', 'P000252', 'P000279', 'P000290', 'P000292', 'P000296', 'P000317', 'P000335', 'P000372', 'P000380', 'P000394', 'P004196', 'P004862', 'P007111', 'P007703', 'P007982', 'P008031', 'P008032', 'P008035']","['P007703', 'P004196']",14573.769115695948,79.27533126124621,2428.961519282658,13.212555210207702,2972.824922296733,10.1403162890544,313791.2252323098,1453.8540954614064,136,
22,1,E000197,habitation,0,4,5640.68949834416,22.56275799337664,1.0,0.9482131455402566,0.02364409260657565,0.018664681928203936,0.021800733121064286,0.42857142857142855,0.06326978571212363,1.0,"['P000181', 'P000265', 'P000381', 'P000394', 'P000395', 'P000494', 'P000719', 'P000732', 'P000748', 'P005100', 'P007111', 'P007763', 'P007982', 'P008001', 'P008003', 'P008004']","['P007763', 'P000748']",5640.68949834416,22.56275799337664,1410.17237458604,5.64068949834416,846.103424751624,3.328626070204475,319431.9147306539,1476.416853454783,140,
23,1,E000346,habitation,0,7,29629.469897401767,147.87819851470985,1.0,0.9487462784084153,0.07326346741355519,0.06990279013137095,0.05874067857244303,0.8571428571428571,0.33234415964976205,1.0,"['P000046', 'P000084', 'P000134', 'P000142', 'P000163', 'P000181', 'P000233', 'P000252', 'P000279', 'P000290', 'P000292', 'P000296', 'P000317', 'P000372', 'P000380', 'P000394', 'P003802', 'P003870', 'P006712', 'P007111', 'P007699', 'P007982']","['P003870', 'P003802', 'P006712', 'P007699']",29629.469897401767,147.87819851470985,4232.7814139145385,21.125456930672836,5545.432444301619,15.695346928742751,349061.3846280557,1624.2950519694928,147,
24,1,E000322,habitation,0,5,5619.42634442935,22.4777053777174,1.0,0.9170316831405472,0.01884397103191327,0.014875458806024736,0.029443406725672035,0.5714285714285714,0.06303128380696668,1.0,"['P000046', 'P000084', 'P000134', 'P000142', 'P000163', 'P000181', 'P000233', 'P000252', 'P000279', 'P000290', 'P000292', 'P000296', 'P000317', 'P000372', 'P000380', 'P000394', 'P003802', 'P006712', 'P007111', 'P007602', 'P007982']",['P007602'],5619.42634442935,22.4777053777174,1123.8852688858701,4.49554107554348,842.9139516644025,5.61942634442935,354680.81097248505,1646.7727573472102,152,
25,1,E000268,habitation,0,6,20294.061070636693,94.86308667724003,1.0,0.9495111770510795,0.057958311216994164,0.052315984304108186,0.05335806512090986,0.7142857142857143,0.22763190484866364,1.0,"['P000046', 'P000084', 'P000134', 'P000141', 'P000153', 'P000163', 'P000181', 'P000253', 'P000279', 'P000290', 'P000292', 'P000296', 'P000317', 'P000372', 'P000394', 'P003569', 'P006457', 'P007111', 'P007696', 'P007982']","['P007696', 'P003569', 'P006457']",20294.061070636693,94.86308667724003,3382.343511772782,15.810514446206673,3557.3657503965014,12.220394995261838,374974.8720431217,1741.6358440244503,158,
26,1,E000111,habitation,0,5,13420.373244887322,55.59281773692445,1.0,0.957778810926196,0.04521237129896584,0.036790617914951924,0.03639827757531367,0.5714285714285714,0.2027911053432035,1.0,"['P000020', 'P000160', 'P000348', 'P005770', 'P007111', 'P007813', 'P007983', 'P007985']","['P007985', 'P007813', 'P005770']",13420.373244887322,55.59281773692445,2684.074648977464,11.118563547384891,2084.730665134667,6.94679939058245,388395.24528800906,1797.2286617613747,163,
27,1,E000359,habitation,0,4,8465.104710900921,33.86041884360368,1.0,0.9696890426248704,0.03548320108165069,0.028010491796133668,0.03748232952939156,0.42857142857142855,0.12791357660812736,1.0,"['P000046', 'P000084', 'P000134', 'P000142', 'P000163', 'P000181', 'P000233', 'P000252', 'P000279', 'P000290', 'P000292', 'P000296', 'P000317', 'P000372', 'P000380', 'P000394', 'P003802', 'P003870', 'P003881', 'P006712', 'P007111', 'P007637', 'P007982']","['P007637', 'P003881']",8465.104710900921,33.86041884360368,2116.2761777252304,8.46510471090092,1269.765706635138,5.72295704693425,396860.34999891,1831.0890806049783,167,
28,1,E000144,habitation,0,6,24451.722206423598,121.879570006331,1.0,0.9807251186449087,0.07052316261437754,0.06721528778772581,0.06841288360297006,0.7142857142857143,0.36948240434927104,1.0,"['P000147', 'P000149', 'P000181', 'P000256', 'P000334', 'P000342', 'P000394', 'P000395', 'P005117', 'P007111', 'P007737', 'P007982', 'P008002', 'P008006']","['P007737', 'P008006', 'P008002']",24451.722206423598,121.879570006331,4075.287034403933,20.313261667721832,4570.483875237413,15.668342892470124,421312.07220533356,1952.9686506113094,173,
29,1,E000267,habitation,0,4,8056.301056853166,44.757228093628704,1.0,0.9807255557939265,0.03548256938415882,0.03702470356686364,0.07328401901627998,0.42857142857142855,0.12173627115171856,1.0,"['P000046', 'P000084', 'P000134', 'P000141', 'P000153', 'P000163', 'P000181', 'P000253', 'P000279', 'P000290', 'P000292', 'P000296', 'P000317', 'P000372', 'P000394', 'P003569', 'P006457', 'P007111', 'P007777', 'P007982']",['P007777'],8056.301056853166,44.757228093628704,2014.0752642132916,11.189307023407176,1678.3960535110764,11.189307023407176,429368.3732621867,1997.7258787049382,177,
30,1,E000274,habitation,0,4,10580.306905273364,42.321227621093456,1.0,0.9837004601146357,0.04434949953329481,0.035009561002724454,0.047518614567109686,0.42857142857142855,0.15987574213020547,1.0,"['P000046', 'P000163', 'P000181', 'P000279', 'P000290', 'P000292', 'P000317', 'P000394', 'P000398', 'P005781', 'P007111', 'P007539', 'P007982']","['P005781', 'P007539']",10580.306905273364,42.321227621093456,2645.076726318341,10.580306905273364,1587.0460357910047,7.255338542503,439948.68016746006,2040.0471063260316,181,
31,1,E000368,habitation,0,8,41667.993774638955,216.40473527125644,1.0,0.9845759826689449,0.09072880293387668,0.08950868401772677,0.125,1.0,0.6296321540991315,1.0,"['P000046', 'P000084', 'P000134', 'P000142', 'P000163', 'P000181', 'P000233', 'P000279', 'P000290', 'P000292', 'P000296', 'P000317', 'P000328', 'P000339', 'P000355', 'P000372', 'P000380', 'P000394', 'P000396', 'P004282', 'P004284', 'P006950', 'P007111', 'P007609', 'P007982', 'P008033']","['P004282', 'P008033', 'P007609', 'P004284', 'P006950']",41667.993774638955,216.40473527125644,5208.499221829869,27.050591908907055,8115.177572672116,38.171033649647,481616.67394209903,2256.451841597288,189,
32,1,E000367,habitation,0,3,3565.844468595045,14.26337787438018,1.0,0.9747003321546783,0.019929279180227067,0.015732202675177543,0.0311391835435928,0.2857142857142857,0.053882371829250014,1.0,"['P000046', 'P000084', 'P000134', 'P000142', 'P000163', 'P000181', 'P000233', 'P000279', 'P000290', 'P000292', 'P000296', 'P000317', 'P000328', 'P000339', 'P000355', 'P000372', 'P000380', 'P000394', 'P000396', 'P004282', 'P004284', 'P006950', 'P007111', 'P007564', 'P007982', 'P008033']",['P007564'],3565.844468595045,14.26337787438018,1188.614822865015,4.754459291460059,534.8766702892567,3.565844468595045,485182.5184106941,2270.715219471668,192,
33,1,E000293,habitation,0,4,11380.54463315601,51.75462211075655,1.0,0.9903893837781206,0.04855574555546005,0.04281318623792485,0.04829561225130455,0.42857142857142855,0.17196788669380608,1.0,"['P000046', 'P000084', 'P000134', 'P000153', 'P000163', 'P000181', 'P000253', 'P000266', 'P000279', 'P000290', 'P000292', 'P000296', 'P000317', 'P000372', 'P000394', 'P003849', 'P006709', 'P007111', 'P007713', 'P007982', 'P008025']","['P007713', 'P003849']",11380.54463315601,51.75462211075655,2845.1361582890027,12.938655527689138,1940.7983291533706,7.3739737614994,496563.0630438501,2322.4698415824246,196,
34,2,E000184,habitation,0,6,28331.434193366385,126.44780068754892,1.0,0.997314073753115,0.08036703135295438,0.06973461846720583,0.08073262406040381,0.7142857142857143,0.4281075310792698,1.0,"['P000046', 'P000163', 'P000181', 'P000279', 'P000290', 'P000292', 'P000294', 'P000317', 'P000326', 'P000331', 'P000349', 'P000394', 'P005000', 'P007111', 'P007593', 'P007982', 'P008028']","['P008028', 'P005000', 'P007593']",28331.434193366385,126.44780068754892,4721.905698894398,21.07463344792482,4741.792525783085,18.48988625780385,524894.4972372166,2448.9176422699734,202,
35,2,E000252,habitation,0,5,18187.61964111698,90.68561810479261,1.0,0.9987601394722366,0.06295085875069696,0.06001458573053522,0.09397251174774283,0.5714285714285714,0.2748274897636677,1.0,"['P000046', 'P000163', 'P000181', 'P000279', 'P000290', 'P000292', 'P000317', 'P000394', 'P005820', 'P007111', 'P007698', 'P007982', 'P007988']","['P007988', 'P007698']",18187.61964111698,90.68561810479261,3637.523928223396,18.137123620958523,3400.7106789297227,17.9351395403247,543082.1168783335,2539.603260374766,207,
36,2,E000380,habitation,0,4,11723.021386204478,60.59987882471439,1.0,1.0027881544642838,0.05101308153587789,0.050130283872345124,0.0801596130137669,0.42857142857142855,0.17714294688309767,1.0,"['P000023', 'P000046', 'P000084', 'P000134', 'P000136', 'P000142', 'P000163', 'P000181', 'P000211', 'P000226', 'P000233', 'P000252', 'P000279', 'P000290', 'P000292', 'P000296', 'P000317', 'P000335', 'P000372', 'P000380', 'P000394', 'P004185', 'P004196', 'P004862', 'P007111', 'P007463', 'P007982', 'P008031', 'P008032', 'P008035']","['P007463', 'P004185']",11723.021386204478,60.59987882471439,2930.7553465511196,15.149969706178597,2272.4954559267894,12.239101142764712,554805.138264538,2600.20313919948,211,
37,2,E000107,habitation,0,2,2551.8563928878502,10.2074255715514,1.0,1.0036828849664738,0.02139324594620368,0.016887860221232648,0.033426608463240415,0.14285714285714285,0.03856031193379765,1.0,"['P000181', 'P000365', 'P000394', 'P000395', 'P001391', 'P005500', 'P007111', 'P007689', 'P007982', 'P007990']",['P007689'],2551.8563928878502,10.2074255715514,1275.9281964439251,5.1037127857757,382.77845893317755,2.55185639288785,557356.9946574259,2610.4105647710317,213,
38,2,E000145,habitation,0,3,8015.062747545303,39.2031539652372,1.0,1.0141320305290693,0.046097458043379155,0.043240245692088765,0.05569312060510796,0.2857142857142857,0.12111313182657256,1.0,"['P000147', 'P000149', 'P000181', 'P000256', 'P000334', 'P000342', 'P000394', 'P000395', 'P005117', 'P007111', 'P007638', 'P007982', 'P008002', 'P008007']","['P008007', 'P007638']",8015.062747545303,39.2031539652372,2671.687582515101,13.067717988412399,1470.118273696395,6.377591942014274,565372.0574049712,2649.6137187362688,216,
39,2,E000316,habitation,0,5,25375.1176814932,101.50047072597279,1.0,1.0173255289285186,0.0850919565829821,0.06717171729517765,0.054207214669291126,0.5714285714285714,0.38343554750269376,1.0,"['P000046', 'P000115', 'P000163', 'P000181', 'P000279', 'P000290', 'P000292', 'P000317', 'P000394', 'P005726', 'P007111', 'P007662', 'P007982', 'P007994', 'P007995', 'P007996']","['P007995', 'P007994', 'P007996', 'P005726', 'P007662']",25375.1176814932,101.50047072597279,5075.0235362986405,20.300094145194556,3806.2676522239794,10.34572707597575,590747.1750864644,2751.1141894622415,221,
40,2,E000315,habitation,0,4,2583.62188073694,10.33448752294776,1.0,0.9309679846205027,0.010829774449817127,0.008549040084702211,0.010530740623409796,0.42857142857142855,0.03904031038653347,1.0,"['P000046', 'P000115', 'P000163', 'P000181', 'P000279', 'P000290', 'P000292', 'P000317', 'P000394', 'P003330', 'P005726', 'P007111', 'P007770', 'P007982', 'P007994', 'P007995']","['P007770', 'P003330']",2583.62188073694,10.33448752294776,645.905470184235,2.58362188073694,387.54328211054104,1.60787701876752,593330.7969672013,2761.448676985189,225,
41,2,E000372,habitation,0,5,24015.793920276785,125.82532076446986,1.0,1.0201580193657716,0.08378810560365402,0.08326959288478722,0.05808663666412017,0.5714285714285714,0.362895226974621,1.0,"['P000046', 'P000084', 'P000134', 'P000142', 'P000163', 'P000181', 'P000233', 'P000279', 'P000290', 'P000292', 'P000296', 'P000317', 'P000328', 'P000339', 'P000355', 'P000372', 'P000380', 'P000394', 'P000396', 'P004261', 'P004269', 'P004271', 'P006950', 'P007111', 'P007610', 'P007982', 'P008033']","['P007610', 'P004261', 'P004269', 'P004271']",24015.793920276785,125.82532076446986,4803.158784055357,25.165064152893972,4718.44952866762,11.086134813504751,617346.5908874781,2887.273997749659,230,
42,2,E000369,habitation,0,3,7420.66194286908,41.225899682606,1.0,1.0207164494529406,0.0435773440616823,0.04547129123166971,0.09000258341835439,0.2857142857142857,0.11213132528530502,1.0,"['P000046', 'P000084', 'P000134', 'P000142', 'P000163', 'P000181', 'P000233', 'P000279', 'P000290', 'P000292', 'P000296', 'P000317', 'P000328', 'P000339', 'P000355', 'P000372', 'P000380', 'P000394', 'P000396', 'P004269', 'P004271', 'P006950', 'P007111', 'P007507', 'P007982', 'P008033']",['P007507'],7420.66194286908,41.225899682606,2473.55398095636,13.741966560868667,1545.9712380977248,10.3064749206515,624767.2528303472,2928.499897432265,233,
43,2,E000301,habitation,0,3,8361.11578877827,45.85557793460031,1.0,1.022191587389183,0.04899164733645496,0.05057772795533404,0.06893099915990518,0.2857142857142857,0.12634223219945118,1.0,"['P000046', 'P000115', 'P000163', 'P000181', 'P000279', 'P000290', 'P000292', 'P000317', 'P000394', 'P003202', 'P005726', 'P007111', 'P007597', 'P007982', 'P007994']","['P003202', 'P007597']",8361.11578877827,45.85557793460031,2787.0385962594232,15.28519264486677,1719.5841725475118,7.893502465309588,633128.3686191255,2974.355475366865,236,
44,2,E000371,habitation,0,6,36324.05843439777,178.41661437425392,1.0,1.0256916029167404,0.10452449299756683,0.09839486700399613,0.043899921665328155,0.7142857142857143,0.5488816015805591,1.0,"['P000181', 'P000265', 'P000381', 'P000394', 'P000395', 'P000462', 'P000464', 'P000470', 'P000476', 'P000494', 'P000719', 'P000732', 'P005100', 'P007111', 'P007616', 'P007982', 'P008001', 'P008003', 'P008004', 'P008010', 'P008012', 'P008013', 'P008016', 'P008017', 'P008018', 'P008019']","['P000476', 'P000470', 'P008016', 'P008019', 'P000462', 'P008017', 'P007616', 'P000464', 'P008018']",36324.05843439777,178.41661437425392,6054.009739066295,29.736102395708986,6690.623039034522,10.05423232262465,669452.4270535232,3152.772089741119,242,
45,2,E000358,habitation,0,4,4324.98673122846,17.29994692491384,1.0,0.9421549499746771,0.018129057950343738,0.014311105354368213,0.017400839853625893,0.42857142857142855,0.0653535355400521,1.0,"['P000181', 'P000265', 'P000381', 'P000394', 'P000395', 'P000464', 'P000470', 'P000476', 'P000494', 'P000629', 'P000719', 'P000732', 'P005100', 'P007111', 'P007544', 'P007982', 'P008001', 'P008003', 'P008004', 'P008010', 'P008012', 'P008013', 'P008016', 'P008019']","['P000629', 'P007544']",4324.98673122846,17.29994692491384,1081.246682807115,4.32498673122846,648.748009684269,2.65683217433949,673777.4137847517,3170.072036666033,246,
46,2,E000303,habitation,0,4,8229.168144231886,32.91667257692754,1.0,0.9686573006973638,0.03449422517130537,0.027229792739147326,0.038487399003222594,0.42857142857142855,0.12434841219186032,1.0,"['P000181', 'P000265', 'P000381', 'P000394', 'P000395', 'P000476', 'P000494', 'P000719', 'P000732', 'P005100', 'P007111', 'P007567', 'P007982', 'P008001', 'P008003', 'P008004', 'P008010', 'P008012', 'P008013', 'P008016', 'P008020']","['P008020', 'P007567']",8229.168144231886,32.91667257692754,2057.2920360579715,8.229168144231885,1234.3752216347827,5.8764152097576,682006.5819289836,3202.9887092429603,250,
47,2,E000327,habitation,0,3,5798.312183329945,28.1744986085552,1.0,0.9939711955810416,0.03331422254009782,0.031075873210753002,0.03883873980011481,0.2857142857142857,0.08761650032575645,1.0,"['P000181', 'P000265', 'P000381', 'P000394', 'P000395', 'P000470', 'P000476', 'P000494', 'P000633', 'P000719', 'P000732', 'P005100', 'P007111', 'P007677', 'P007982', 'P008001', 'P008003', 'P008004', 'P008010', 'P008012', 'P008013', 'P008016', 'P008019']","['P007677', 'P000633']",5798.312183329945,28.1744986085552,1932.7707277766483,9.391499536185067,1056.54369782082,4.4475445314602,687804.8941123135,3231.1632078515154,253,
48,2,E000317,habitation,0,2,4124.042149601445,16.49616859840578,1.0,1.0185088282815182,0.03457351606650995,0.027292385089948072,0.0338374706469317,0.14285714285714285,0.062317124176724775,1.0,"['P000181', 'P000265', 'P000381', 'P000394', 'P000395', 'P000470', 'P000476', 'P000494', 'P000635', 'P000719', 'P000732', 'P005100', 'P007111', 'P007584', 'P007982', 'P008001', 'P008003', 'P008004', 'P008010', 'P008012', 'P008013', 'P008016']","['P000635', 'P007584']",4124.042149601445,16.49616859840578,2062.0210748007225,8.24808429920289,618.6063224402168,2.583222461365945,691928.9362619149,3247.659376449921,255,
49,2,E000370,habitation,0,2,5163.872133712144,23.50388512095282,1.0,1.0316606231665344,0.04406950368174237,0.03888642868823119,0.03965801295718859,0.14285714285714285,0.07802967314976825,1.0,"['P000181', 'P000265', 'P000381', 'P000394', 'P000395', 'P000462', 'P000464', 'P000470', 'P000476', 'P000494', 'P000621', 'P000719', 'P000732', 'P005100', 'P007111', 'P007533', 'P007982', 'P008001', 'P008003', 'P008004', 'P008010', 'P008012', 'P008013', 'P008016', 'P008017', 'P008019']","['P000621', 'P007533']",5163.872133712144,23.50388512095282,2581.936066856072,11.75194256047641,881.3956920357307,3.027574694133965,697092.8083956271,3271.163261570874,257,
50,2,E000129,habitation,0,5,25294.294953511817,106.82662488160608,1.0,1.0325344533409504,0.08543868854087865,0.07069649820164874,0.110330840637518,0.5714285714285714,0.38221426028175587,1.0,"['P000147', 'P000181', 'P000256', 'P000334', 'P000342', 'P000394', 'P000395', 'P005317', 'P007111', 'P007485', 'P007982', 'P007987', 'P007999']","['P007485', 'P007999']",25294.294953511817,106.82662488160608,5058.858990702363,21.365324976321215,4005.998433060228,21.0572111528427,722387.1033491389,3377.9898864524803,262,
51,2,E000360,habitation,0,2,5379.8362692415,21.519345076966,1.0,1.0790665608685122,0.0780864461747992,0.06182783597548564,0.10519928916283482,0.14285714285714285,0.08129304034226956,1.0,"['P000046', 'P000084', 'P000134', 'P000142', 'P000163', 'P000181', 'P000233', 'P000279', 'P000290', 'P000292', 'P000296', 'P000317', 'P000328', 'P000339', 'P000355', 'P000372', 'P000380', 'P000394', 'P000396', 'P004282', 'P006950', 'P007111', 'P007528', 'P007982', 'P008033']",['P007528'],5379.8362692415,21.519345076966,2689.91813462075,10.759672538483,806.975440386225,5.3798362692415,727766.9396183804,3399.5092315294464,264,
52,2,E000227,habitation,0,2,6576.851624644834,26.30740649857934,1.0,1.0894179240572097,0.0954607063645594,0.07558454999987908,0.07421366517452403,0.14285714285714285,0.09938076879851844,1.0,"['P000181', 'P000265', 'P000381', 'P000394', 'P000395', 'P000494', 'P000719', 'P000732', 'P000744', 'P005100', 'P007111', 'P007686', 'P007982', 'P008001', 'P008003', 'P008004']","['P000744', 'P007686']",6576.851624644834,26.30740649857934,3288.425812322417,13.15370324928967,986.5277436967252,3.79524776979482,734343.7912430252,3425.816638028026,266,
53,2,E000146,habitation,0,2,6388.306553880195,30.2063918004498,1.0,1.0963137012230217,0.0949264015879996,0.08678683440271204,0.09098970440609991,0.14285714285714285,0.09653172260511693,1.0,"['P000181', 'P000265', 'P000381', 'P000394', 'P000395', 'P000644', 'P000719', 'P000732', 'P005100', 'P007111', 'P007802', 'P007982', 'P008001']","['P007802', 'P000644']",6388.306553880195,30.2063918004498,3194.1532769400974,15.1031959002249,1132.7396925168675,4.65316558492902,740732.0977969054,3456.0230298284755,268,
54,2,E000363,habitation,0,2,5935.423168169732,30.61384703304593,1.0,1.0993625814547379,0.089403213181807,0.08795750549879813,0.11998269980903886,0.14285714285714285,0.0896883419700228,1.0,"['P000181', 'P000265', 'P000381', 'P000394', 'P000395', 'P000462', 'P000464', 'P000470', 'P000476', 'P000494', 'P000627', 'P000719', 'P000732', 'P005100', 'P007111', 'P007645', 'P007982', 'P008001', 'P008003', 'P008004', 'P008010', 'P008012', 'P008013', 'P008016', 'P008019']","['P007645', 'P000627']",5935.423168169732,30.61384703304593,2967.711584084866,15.306923516522964,1148.0192637392224,6.135852107470537,746667.5209650751,3486.6368768615216,270,
55,3,E000226,habitation,0,2,6195.87427323843,34.4215237402135,1.0,1.1186732602380132,0.09449266805923795,0.09889744860842485,0.16827277114711536,0.14285714285714285,0.09362393798668811,1.0,"['P000181', 'P000265', 'P000381', 'P000394', 'P000395', 'P000494', 'P000719', 'P000732', 'P000744', 'P005100', 'P007111', 'P007458', 'P007982', 'P008001', 'P008003', 'P008004']",['P007458'],6195.87427323843,34.4215237402135,3097.937136619215,17.21076187010675,1290.8071402580063,8.605380935053375,752863.3952383136,3521.0584006017352,272,
56,3,E000067,habitation,0,4,21125.102689788968,112.36455543632434,1.0,1.1438008841012313,0.15990585032841068,0.16141888329147316,0.14893568370939453,0.42857142857142855,0.3192148867083879,1.0,"['P000020', 'P000160', 'P000348', 'P002851', 'P006193', 'P007111', 'P007624', 'P007983']","['P002851', 'P006193', 'P007624']",21125.102689788968,112.36455543632434,5281.275672447242,28.091138859081084,4213.670828862163,15.23298492566525,773988.4979281025,3633.4229560380595,276,
57,3,E000275,habitation,0,1,4524.92301736397,18.09969206945588,1.0,1.1547472006111432,0.13135535728499714,0.10400546935556579,0.09903735447495715,0.0,0.06837471086236152,1.0,"['P000181', 'P000265', 'P000381', 'P000394', 'P000395', 'P000476', 'P000494', 'P000717', 'P000719', 'P000732', 'P005100', 'P007111', 'P007618', 'P007982', 'P008001', 'P008003', 'P008004', 'P008010', 'P008012', 'P008013']","['P000717', 'P007618']",4524.92301736397,18.09969206945588,4524.92301736397,18.09969206945588,678.7384526045955,2.53235908652096,778513.4209454665,3651.5226481075156,277,
58,3,E000229,habitation,0,1,3419.7201580865312,18.99844532270295,1.0,1.1573715752102829,0.1043076303692195,0.10916993588793002,0.1857512796973205,0.0,0.05167433261120338,1.0,"['P000181', 'P000265', 'P000381', 'P000394', 'P000395', 'P000494', 'P000719', 'P000732', 'P005100', 'P007111', 'P007731', 'P007982', 'P008001', 'P008003', 'P008004', 'P008010', 'P008011', 'P008012']",['P007731'],3419.7201580865312,18.99844532270295,3419.7201580865312,18.99844532270295,712.4416996013606,4.749611330675737,781933.141103553,3670.5210934302186,278,
59,3,E000109,habitation,0,6,36688.070974921386,199.4460548148501,1.0,1.1613285710785686,0.18581823736320896,0.19101135774882444,0.24548532887238844,0.7142857142857143,0.5543820823872083,1.0,"['P000181', 'P000365', 'P000394', 'P000395', 'P005500', 'P007111', 'P007572', 'P007982', 'P007991', 'P007997']","['P007997', 'P007572', 'P007991']",36688.070974921386,199.4460548148501,6114.678495820231,33.24100913580835,7479.227055556878,37.66197147368913,818621.2120784743,3869.9671482450685,284,
60,3,E000108,habitation,0,6,4435.642079364231,24.642455996467948,1.0,0.8967488466004825,0.02254918010227691,0.02360031128477622,0.04015563430304235,0.7142857142857143,0.06702561424838004,1.0,"['P000181', 'P000365', 'P000394', 'P000395', 'P005500', 'P007111', 'P007476', 'P007982', 'P007991', 'P007997']",['P007476'],4435.642079364231,24.642455996467948,739.2736798940385,4.107075999411324,924.0920998675481,6.160613999116987,823056.8541578386,3894.6096042415365,290,
61,3,E000361,habitation,0,1,6238.4918419134,24.9539673676536,1.0,1.2402085819028654,0.18109906437512327,0.14339189188395443,0.24397950955111986,0.0,0.094267918873131,1.0,"['P000046', 'P000084', 'P000134', 'P000142', 'P000163', 'P000181', 'P000233', 'P000279', 'P000290', 'P000292', 'P000296', 'P000317', 'P000328', 'P000339', 'P000355', 'P000372', 'P000380', 'P000394', 'P000396', 'P004271', 'P006950', 'P007111', 'P007529', 'P007982', 'P008033']",['P007529'],6238.4918419134,24.9539673676536,6238.4918419134,24.9539673676536,935.77377628701,6.2384918419134,829295.345999752,3919.56357160919,291,
62,3,E000366,habitation,0,2,15133.065300353626,73.434686240064,1.0,1.2786970941035618,0.22575792950899906,0.21098726376305058,0.25229874565198573,0.14285714285714285,0.22867106476779334,1.0,"['P000046', 'P000084', 'P000134', 'P000142', 'P000163', 'P000181', 'P000233', 'P000252', 'P000279', 'P000290', 'P000292', 'P000296', 'P000317', 'P000372', 'P000380', 'P000394', 'P003802', 'P003870', 'P003881', 'P003903', 'P006712', 'P007111', 'P007478', 'P007982']","['P007478', 'P003903']",15133.065300353626,73.434686240064,7566.532650176813,36.717343120032,2753.8007340024,12.9024250386495,844428.4113001056,3992.998257849254,293,
63,3,E000198,habitation,0,2,14319.169334877988,77.24590188421195,1.0,1.2793598786866855,0.2172892569096186,0.22193737469211453,0.27044144613325627,0.14285714285714285,0.21637253480432478,1.0,"['P000181', 'P000265', 'P000381', 'P000394', 'P000395', 'P000494', 'P000719', 'P000732', 'P005100', 'P007111', 'P007695', 'P007982', 'P008001', 'P008003', 'P008004', 'P008010', 'P008014']","['P008014', 'P007695']",14319.169334877988,77.24590188421195,7159.584667438994,38.62295094210597,2896.721320657948,13.8302331906613,858747.5806349836,4070.244159733466,295,
64,3,E000379,habitation,0,2,15726.438201926321,79.9842628426773,1.0,1.2831789882095581,0.2363470871796745,0.2298050366296004,0.21440884347194247,0.14285714285714285,0.23763733898348793,1.0,"['P000046', 'P000084', 'P000134', 'P000142', 'P000163', 'P000181', 'P000233', 'P000279', 'P000290', 'P000292', 'P000296', 'P000317', 'P000328', 'P000339', 'P000355', 'P000372', 'P000380', 'P000394', 'P000396', 'P004251', 'P004257', 'P004261', 'P004269', 'P004271', 'P006950', 'P007111', 'P007766', 'P007982', 'P008033']","['P004257', 'P007766', 'P004251']",15726.438201926321,79.9842628426773,7863.219100963161,39.99213142133865,2999.4098566003986,10.9647553869973,874474.0188369099,4150.228422576143,297,
65,3,E000375,habitation,0,1,4664.78165030764,18.65912660123056,1.0,1.1796140178590397,0.1354153557930843,0.10722012355120958,0.18243369840747484,0.0,0.07048807136649214,1.0,"['P000046', 'P000084', 'P000134', 'P000142', 'P000163', 'P000181', 'P000233', 'P000279', 'P000290', 'P000292', 'P000296', 'P000317', 'P000328', 'P000339', 'P000355', 'P000372', 'P000380', 'P000394', 'P000396', 'P004257', 'P004261', 'P004269', 'P004271', 'P006950', 'P007111', 'P007768', 'P007982', 'P008033']",['P007768'],4664.78165030764,18.65912660123056,4664.78165030764,18.65912660123056,699.717247546146,4.66478165030764,879138.8004872175,4168.887549177373,298,
66,3,E000110,habitation,0,3,26386.031275670037,117.76179174220485,1.0,1.2922179869474362,0.25917780345498986,0.22556314540785827,0.24158529225394845,0.2857142857142857,0.39871114985955747,1.0,"['P000181', 'P000365', 'P000394', 'P000395', 'P005500', 'P007111', 'P007554', 'P007982', 'P007991', 'P007998']","['P007554', 'P007998']",26386.031275670037,117.76179174220485,8795.343758556679,39.25393058073495,4416.067190332682,18.53181700740415,905524.8317628875,4286.649340919578,301,
67,3,E000188,habitation,0,2,16186.89612333953,81.68989006438206,1.0,1.2990779662351988,0.24296600713832445,0.23470552220300955,0.2508080621625424,0.14285714285714285,0.2445951760826157,1.0,"['P000046', 'P000163', 'P000166', 'P000181', 'P000279', 'P000290', 'P000292', 'P000317', 'P000394', 'P000403', 'P002445', 'P005915', 'P007111', 'P007764', 'P007982']","['P007764', 'P005915', 'P002445']",16186.89612333953,81.68989006438206,8093.448061669765,40.84494503219103,3063.370877414327,12.8261922697184,921711.7278862271,4368.33923098396,303,
68,3,E000178,habitation,0,1,8038.781084988805,39.7432418457824,1.0,1.3152812734166477,0.2405431749817543,0.22837485334117205,0.2649657667959466,0.0,0.12147153228081502,1.0,"['P000181', 'P000265', 'P000381', 'P000394', 'P000395', 'P000494', 'P000719', 'P000732', 'P000750', 'P005100', 'P007111', 'P007727', 'P007982', 'P008001', 'P008003', 'P008004']","['P007727', 'P000750']",8038.781084988805,39.7432418457824,8038.781084988805,39.7432418457824,1490.37156921684,6.775104915917125,929750.5089712159,4408.082472829742,304,
69,3,E000193,habitation,0,4,47310.27359140587,201.2592987793719,1.0,1.3574207791693622,0.3461901873620574,0.2891218777562039,0.17030512255770672,0.42857142857142855,0.7148908976391974,1.0,"['P000181', 'P000265', 'P000381', 'P000394', 'P000395', 'P000719', 'P000723', 'P000732', 'P005100', 'P007111', 'P007607', 'P007982', 'P008001', 'P008005', 'P008008', 'P008022', 'P008026']","['P008026', 'P007607', 'P008008', 'P008022']",47310.27359140587,201.2592987793719,11827.568397851468,50.314824694842976,7547.223704226446,17.4186286326591,977060.7825626218,4609.341771609114,308,
70,3,E000175,habitation,0,3,7506.160268461124,40.032854765126,1.0,1.062874323794925,0.07579081533973171,0.07667968113329522,0.13046951783423036,0.2857142857142857,0.11342326401423784,1.0,"['P000181', 'P000265', 'P000381', 'P000394', 'P000395', 'P000719', 'P000723', 'P000732', 'P005100', 'P007111', 'P007595', 'P007982', 'P008001', 'P008005', 'P008008', 'P008022']",['P007595'],7506.160268461124,40.032854765126,2502.0534228203746,13.344284921708665,1501.2320536922248,10.0082136912815,984566.9428310829,4649.3746263742405,311,
71,4,E000174,habitation,0,1,11524.23459169503,46.09693836678012,1.0,1.403954971136813,0.3345404875219474,0.26488482192369606,0.2915890767082118,0.0,0.17413914117288312,1.0,"['P000181', 'P000265', 'P000381', 'P000394', 'P000395', 'P000719', 'P000723', 'P000732', 'P005100', 'P007111', 'P007785', 'P007982', 'P008001', 'P008005', 'P008008', 'P008021']","['P007785', 'P008021']",11524.23459169503,46.09693836678012,11524.23459169503,46.09693836678012,1728.6351887542546,7.45585594291105,996091.1774227779,4695.47156474102,312,
72,4,E000161,habitation,0,2,23928.0456354673,112.49851945047268,1.0,1.4148395899592279,0.3552522704957721,0.32322266236224434,0.24644280597636703,0.14285714285714285,0.36156928980850944,1.0,"['P000181', 'P000265', 'P000381', 'P000394', 'P000395', 'P000604', 'P000719', 'P000732', 'P005100', 'P007111', 'P007580', 'P007982', 'P008001', 'P008005', 'P008009']","['P008009', 'P007580', 'P000604']",23928.0456354673,112.49851945047268,11964.02281773365,56.24925972523634,4218.694479392726,12.6029553662963,1020019.2230582451,4807.970084191493,314,
73,4,E000325,habitation,0,3,34976.409075635405,183.8042084013624,1.0,1.4529871573121262,0.3522984903582254,0.3520620293972146,0.42020277380675064,0.2857142857142857,0.5285176893337373,1.0,"['P000046', 'P000084', 'P000134', 'P000153', 'P000163', 'P000181', 'P000253', 'P000266', 'P000279', 'P000290', 'P000292', 'P000296', 'P000317', 'P000372', 'P000394', 'P003849', 'P003934', 'P006709', 'P007111', 'P007552', 'P007982', 'P008025', 'P008029']","['P008029', 'P003934', 'P007552']",34976.409075635405,183.8042084013624,11658.803025211802,61.268069467120796,6892.6578150510895,32.2334229767792,1054995.6321338806,4991.774292592855,317,
74,4,E000326,habitation,0,3,16566.784152841727,88.35618214848921,1.0,1.1747274075487932,0.16727728073925602,0.16923908906949972,0.15588354721793013,0.2857142857142857,0.2503355464883904,1.0,"['P000046', 'P000084', 'P000134', 'P000153', 'P000163', 'P000181', 'P000253', 'P000266', 'P000279', 'P000290', 'P000292', 'P000296', 'P000317', 'P000372', 'P000394', 'P003849', 'P006709', 'P007111', 'P007715', 'P007982', 'P008025', 'P008029', 'P008030']","['P007715', 'P008030']",16566.784152841727,88.35618214848921,5522.261384280576,29.45206071616307,3313.3568305683452,11.9577038177932,1071562.4162867223,5080.130474741344,320,
75,4,E000185,habitation,0,1,15913.70799499526,73.3584184360238,1.0,1.5650208202771003,0.47114932647775837,0.42153627317760284,0.33883479321737947,0.0,0.2404671148504379,1.0,"['P000046', 'P000163', 'P000181', 'P000279', 'P000290', 'P000292', 'P000317', 'P000394', 'P002717', 'P006106', 'P007111', 'P007565', 'P007982']","['P002717', 'P007565', 'P006106']",15913.70799499526,73.3584184360238,15913.70799499526,73.3584184360238,2750.9406913508924,8.6639164786096,1087476.1242817175,5153.488893177368,321,
76,4,E000003,habitation,0,1,27270.6947436024,109.08277897440959,1.0,2.095955092898347,0.9688849346977942,0.732982515814853,0.5877572810687249,0.0,0.5090156359825369,1.0,"['P007111', 'P007113', 'P007823', 'P007984']","['P007984', 'P007113', 'P007823']",27270.6947436024,109.08277897440959,27270.6947436024,109.08277897440959,4090.6042115403598,15.02879897462935,1114746.8190253198,5262.571672151777,322,
77,4,E000257,habitation,0,1,24099.74256796817,131.24459483781158,1.0,2.1142726994839434,0.8965958870398191,0.8818989964849387,0.7084119705946024,0.0,0.4498288696193763,1.0,"['P000181', 'P000265', 'P000381', 'P000394', 'P000395', 'P000719', 'P000732', 'P005100', 'P005193', 'P007111', 'P007648', 'P007982', 'P007992', 'P008001']","['P007648', 'P005193', 'P007992']",24099.74256796817,131.24459483781158,24099.74256796817,131.24459483781158,4921.672306417934,18.11390762855125,1138846.5615932879,5393.816266989589,323,
78,4,E000176,habitation,0,2,49285.211668308504,271.9267890144091,1.0,2.1921847109684465,0.9188341579358532,0.9136070047133447,0.8459912510068813,0.14285714285714285,0.9199231481905426,1.0,"['P000181', 'P000265', 'P000381', 'P000394', 'P000395', 'P000719', 'P000732', 'P005100', 'P007111', 'P007562', 'P007982', 'P008001', 'P008005', 'P008009', 'P008015', 'P008023']","['P008015', 'P007562', 'P008023']",49285.211668308504,271.9267890144091,24642.605834154252,135.96339450720455,10197.254588040341,43.263547233508376,1188131.7732615964,5665.743056003998,325,
79,4,E000177,habitation,0,2,22425.603634793206,124.58668685996224,1.0,1.5437552307922906,0.4185805680339136,0.4185805680339135,0.44755213810565775,0.14285714285714285,0.4185805680339136,1.0,"['P000181', 'P000265', 'P000381', 'P000394', 'P000395', 'P000719', 'P000732', 'P005100', 'P007111', 'P007566', 'P007982', 'P008001', 'P008005', 'P008009', 'P008015', 'P008024']","['P008024', 'P007566']",22425.603634793206,124.58668685996224,11212.801817396603,62.29334342998112,4672.000757248584,22.8875807443005,1210557.3768963898,5790.329742863961,327,
80,4,E000183,habitation,0,1,24778.1757075012,127.7508080372744,1.0,2.1932314862256894,0.9135079175809859,0.8584224710163381,1.0,0.0,0.4624920261409771,1.0,"['P000046', 'P000163', 'P000181', 'P000279', 'P000290', 'P000292', 'P000294', 'P000317', 'P000326', 'P000331', 'P000349', 'P000394', 'P005000', 'P007111', 'P007530', 'P007982', 'P008027']","['P007530', 'P008027']",24778.1757075012,127.7508080372744,24778.1757075012,127.7508080372744,4790.65530139779,25.569736792205,1235335.552603891,5918.080550901235,328,
